Unnamed: 0,age,gender,height,weight,activitylevel,goal,protein,fats,carbohydrates,daily_dose
0,43,female,174,79,veryhigh,weightgain,3.1,3.4,4.9,268.23
2,24,female,165,69,veryhigh,extremelose,3.0,2.5,4.7,138.92
3,52,female,180,97,medium,weightgain,2.6,4.0,4.0,236.19
4,28,female,179,58,no,mildlose,2.6,4.0,4.0,91.82
5,56,female,172,72,minimal,extremelose,3.0,2.5,4.7,49.98
6,41,female,156,79,veryhigh,weightgain,3.0,2.5,4.7,252.65
7,27,female,159,80,no,mildgain,2.6,4.0,4.0,139.82
9,38,male,156,97,low,weightgain,3.1,3.4,4.9,233.57
10,33,female,200,58,low,weightgain,3.1,3.4,4.9,205.41
11,43,female,198,88,low,weightlose,2.6,4.0,4.0,151.53
12,20,male,182,100,no,extremelose,3.1,3.4,4.9,83.4
15,53,male,150,93,no,mildgain,3.0,2.5,4.7,148.6
16,46,female,197,98,veryhigh,extremelose,3.0,2.5,4.7,196.68
17,50,female,169,98,medium,extremegain,3.0,2.5,4.7,270.48
18,27,female,161,82,minimal,maintain,2.6,4.0,4.0,146.9
19,22,female,171,91,veryhigh,mildlose,3.0,2.5,4.7,239.58
20,45,female,167,72,no,mildlose,2.6,4.0,4.0,90.22
21,54,female,185,76,veryhigh,weightlose,3.1,4.5,3.7,185.76
22,60,female,186,97,high,extremegain,3.1,4.5,3.7,310.67
23,54,male,171,83,veryhigh,mildlose,3.1,4.5,3.7,228.33
24,50,male,190,78,veryhigh,weightlose,3.1,2.2,4.5,221.82
25,45,female,174,56,veryhigh,mildlose,3.1,2.2,4.5,171.75
26,18,female,164,92,minimal,mildlose,3.1,4.5,3.7,142.62
28,35,male,184,90,high,mildlose,3.1,2.2,4.5,239.44
29,33,female,200,52,no,extremegain,3.1,2.2,4.5,195.52
30,49,male,189,66,low,extremegain,3.1,2.2,4.5,256.11
31,41,male,167,96,high,weightgain,3.1,2.2,4.5,288.92
32,40,male,159,69,low,mildlose,3.1,2.2,4.5,143.74
34,46,male,156,54,veryhigh,weightlose,3.1,3.4,4.9,156.08
35,42,female,183,78,medium,weightgain,3.1,4.5,3.7,221.98
36,41,female,196,52,minimal,extremelose,3.1,4.5,3.7,52.38
37,30,female,173,83,low,mildgain,3.1,4.5,3.7,196.0
38,24,male,179,95,low,weightlose,3.1,2.2,4.5,174.88
40,34,female,188,78,veryhigh,maintain,3.1,2.2,4.5,246.85
41,39,male,191,57,veryhigh,mildlose,2.6,4.0,4.0,219.21
42,59,male,160,61,minimal,mildlose,3.1,3.4,4.9,106.72
44,48,female,160,83,low,extremelose,3.1,4.5,3.7,77.16
45,29,male,175,72,low,extremegain,3.1,2.2,4.5,264.08
46,46,male,161,61,minimal,weightlose,3.1,3.4,4.9,93.56
47,36,male,174,98,high,mildlose,3.0,2.5,4.7,241.16
48,51,male,171,79,veryhigh,extremelose,3.1,4.5,3.7,164.53
49,50,male,194,55,no,extremelose,3.0,2.5,4.7,41.4
50,43,male,195,51,minimal,maintain,3.1,3.4,4.9,145.8
52,20,female,157,67,no,maintain,3.0,2.5,4.7,111.22
53,23,female,194,96,medium,mildgain,3.1,2.2,4.5,242.27
54,44,male,178,73,low,extremegain,3.1,2.2,4.5,259.0
56,57,female,193,50,minimal,weightlose,3.0,2.5,4.7,80.98
57,37,male,194,62,veryhigh,mildgain,3.0,2.5,4.7,271.18
58,51,male,152,97,veryhigh,weightlose,3.1,3.4,4.9,213.84
59,22,female,196,69,high,weightgain,2.6,4.0,4.0,266.87
60,21,female,186,98,minimal,weightgain,3.1,4.5,3.7,220.14
61,18,female,158,94,medium,mildlose,2.6,4.0,4.0,176.49
62,46,female,170,57,high,mildgain,3.1,4.5,3.7,191.33
63,32,male,159,63,medium,weightlose,3.1,4.5,3.7,132.14
64,44,male,197,57,low,weightgain,3.1,4.5,3.7,214.46
65,42,male,157,85,medium,mildlose,3.0,2.5,4.7,170.6
66,27,male,156,85,medium,maintain,3.1,3.4,4.9,198.65
67,18,female,196,89,high,extremegain,3.0,2.5,4.7,337.23
68,39,male,175,58,medium,weightlose,3.0,2.5,4.7,133.9
69,25,male,184,92,low,weightlose,3.1,4.5,3.7,174.47
70,59,male,187,89,low,mildlose,3.1,3.4,4.9,174.53
71,40,male,167,95,no,maintain,3.1,4.5,3.7,143.9
72,36,male,154,64,low,mildlose,3.1,4.5,3.7,137.0
73,44,female,166,69,high,extremegain,3.1,4.5,3.7,265.82
75,41,male,168,94,medium,weightlose,3.1,2.2,4.5,169.79
76,36,male,174,94,no,extremegain,3.1,2.2,4.5,228.2
77,40,female,166,92,minimal,weightgain,3.1,2.2,4.5,193.26
78,47,male,186,54,minimal,extremelose,3.1,2.2,4.5,61.36
79,43,male,176,53,high,weightlose,3.1,4.5,3.7,155.96
80,19,female,171,63,minimal,mildgain,3.1,3.4,4.9,158.5
81,24,male,188,81,low,weightlose,3.1,2.2,4.5,165.67
82,47,female,166,58,no,weightgain,3.1,3.4,4.9,137.72
83,21,female,196,52,high,weightlose,3.1,2.2,4.5,164.1
84,60,male,192,92,minimal,extremelose,3.0,2.5,4.7,95.2
85,37,male,177,88,veryhigh,mildlose,3.0,2.5,4.7,254.55
86,56,male,187,82,low,mildgain,3.1,4.5,3.7,208.48
87,23,male,161,91,no,weightlose,3.1,2.2,4.5,104.5
88,51,female,161,100,veryhigh,extremegain,3.1,4.5,3.7,321.72
89,26,female,160,92,veryhigh,extremelose,3.1,4.5,3.7,167.61
90,51,female,192,89,low,extremelose,2.6,4.0,4.0,104.11
91,60,male,180,96,high,mildlose,3.0,2.5,4.7,227.02
92,40,male,180,84,high,mildlose,2.6,4.0,4.0,224.26
93,22,male,178,67,medium,extremelose,3.1,2.2,4.5,116.6
94,29,female,163,74,high,extremelose,3.1,3.4,4.9,120.48
95,18,male,156,53,high,mildlose,3.1,3.4,4.9,175.96
97,32,female,173,73,minimal,extremegain,3.1,2.2,4.5,223.06
98,27,male,163,91,high,maintain,3.1,4.5,3.7,248.23
99,49,female,159,54,minimal,weightlose,3.1,2.2,4.5,68.26
100,51,male,165,59,medium,weightlose,3.1,2.2,4.5,120.71
101,46,male,176,60,medium,extremelose,3.1,4.5,3.7,92.87
102,48,female,178,70,medium,maintain,3.1,3.4,4.9,165.43
103,18,female,153,96,no,mildgain,3.1,4.5,3.7,153.22
104,54,male,155,64,medium,extremegain,3.1,3.4,4.9,237.49
105,22,female,160,96,high,extremelose,3.1,3.4,4.9,153.08
106,53,female,197,50,high,mildlose,3.0,2.5,4.7,160.12
107,58,female,172,86,medium,extremegain,3.1,3.4,4.9,253.92
108,34,male,184,73,high,mildlose,3.1,4.5,3.7,216.67
109,54,female,165,68,high,mildgain,3.1,4.5,3.7,196.67
111,49,female,158,95,minimal,mildlose,3.0,2.5,4.7,127.02
112,55,male,161,100,veryhigh,weightlose,3.1,2.2,4.5,223.91
113,24,female,185,76,high,weightlose,3.1,3.4,4.9,185.66
114,26,female,193,67,high,extremegain,3.1,3.4,4.9,298.76
115,40,male,198,96,minimal,weightgain,2.6,4.0,4.0,232.24
116,52,female,166,68,no,maintain,3.1,3.4,4.9,103.72
117,60,female,194,87,minimal,extremelose,3.0,2.5,4.7,75.66
118,39,female,150,75,high,weightgain,2.6,4.0,4.0,223.75
119,33,female,176,72,high,mildlose,2.6,4.0,4.0,186.17
120,33,male,177,57,medium,weightlose,3.1,4.5,3.7,137.7
122,59,male,159,53,veryhigh,mildgain,3.0,2.5,4.7,207.53
123,38,male,161,76,veryhigh,weightgain,3.1,3.4,4.9,280.35
124,19,male,188,68,veryhigh,mildlose,3.1,4.5,3.7,248.28
125,51,female,187,91,veryhigh,mildlose,3.0,2.5,4.7,232.74
126,53,female,172,97,low,extremelose,3.1,2.2,4.5,98.06
127,49,female,190,99,low,extremelose,3.1,4.5,3.7,114.83
128,39,female,197,58,low,mildlose,3.0,2.5,4.7,140.05
129,52,male,193,51,veryhigh,extremegain,3.0,2.5,4.7,302.11
130,38,male,184,91,medium,weightlose,2.6,4.0,4.0,179.75
132,27,female,199,57,no,mildgain,3.0,2.5,4.7,141.42
133,33,male,163,67,no,mildlose,3.0,2.5,4.7,102.3
135,25,female,195,77,high,mildlose,3.1,3.4,4.9,214.98
136,60,male,189,99,no,mildgain,3.1,3.4,4.9,170.1
137,19,male,173,97,no,weightgain,3.1,2.2,4.5,196.9
138,30,female,164,87,low,weightgain,3.0,2.5,4.7,214.21
139,25,male,152,94,high,mildgain,2.6,4.0,4.0,264.26
141,39,male,189,64,high,extremelose,3.0,2.5,4.7,145.11
142,54,male,188,94,high,mildlose,3.1,4.5,3.7,235.3
143,35,male,195,81,minimal,maintain,3.1,2.2,4.5,178.44
144,24,male,158,84,veryhigh,weightgain,3.0,2.5,4.7,300.3
145,38,male,158,52,veryhigh,mildgain,2.6,4.0,4.0,221.02
146,37,male,151,55,low,maintain,3.0,2.5,4.7,144.49
147,39,male,189,86,medium,mildlose,3.1,3.4,4.9,196.97
148,34,male,174,79,veryhigh,maintain,3.1,2.2,4.5,260.3
149,58,male,196,90,minimal,mildgain,3.0,2.5,4.7,196.64
150,28,male,155,67,minimal,maintain,3.1,2.2,4.5,144.36
151,42,female,189,78,no,weightgain,3.1,4.5,3.7,167.22
152,48,female,195,95,high,weightlose,3.1,2.2,4.5,203.95
153,39,male,156,81,medium,maintain,3.1,3.4,4.9,186.93
154,18,female,172,87,medium,extremegain,2.6,4.0,4.0,278.54
156,59,male,176,58,minimal,mildlose,3.1,4.5,3.7,113.44
157,57,female,183,87,high,weightgain,3.1,3.4,4.9,256.35
158,47,male,162,73,medium,mildlose,3.0,2.5,4.7,157.27
159,29,female,182,98,veryhigh,extremegain,3.1,4.5,3.7,355.35
161,53,male,192,62,high,mildgain,2.6,4.0,4.0,235.28
163,34,male,177,62,no,maintain,3.1,2.2,4.5,124.9
164,49,female,169,97,low,mildlose,3.1,3.4,4.9,158.2
165,49,female,159,100,medium,mildlose,3.0,2.5,4.7,166.08
166,42,female,193,59,veryhigh,weightlose,3.0,2.5,4.7,176.64
167,26,female,157,56,minimal,maintain,3.1,3.4,4.9,120.02
170,60,male,160,95,no,mildgain,3.0,2.5,4.7,152.4
171,59,female,167,53,minimal,weightgain,2.6,4.0,4.0,147.3
172,57,female,175,56,low,weightlose,3.1,3.4,4.9,92.83
173,60,male,151,53,no,extremegain,3.0,2.5,4.7,174.3
175,53,male,153,54,veryhigh,extremelose,2.6,4.0,4.0,107.91
176,54,female,200,72,low,mildgain,3.0,2.5,4.7,189.26
177,39,female,169,81,veryhigh,mildlose,3.1,3.4,4.9,209.56
178,28,female,191,55,minimal,extremelose,3.1,4.5,3.7,58.5
180,24,male,177,52,low,maintain,3.1,2.2,4.5,166.21
181,55,male,180,94,medium,extremegain,3.1,2.2,4.5,290.37
183,20,male,151,99,low,extremelose,3.1,3.4,4.9,122.23
184,60,female,172,96,veryhigh,extremelose,3.1,3.4,4.9,159.25
187,49,female,166,53,no,weightlose,2.6,4.0,4.0,52.92
188,29,male,165,83,no,mildlose,3.0,2.5,4.7,117.7
189,33,female,187,95,medium,extremelose,3.1,4.5,3.7,130.11
190,21,female,171,91,medium,weightgain,3.1,2.2,4.5,240.73
191,33,male,165,92,minimal,weightgain,3.1,3.4,4.9,211.96
192,24,female,175,60,medium,weightgain,3.1,4.5,3.7,205.57
193,49,male,163,100,no,weightgain,3.1,4.5,3.7,182.3
194,22,female,163,52,veryhigh,extremegain,3.1,4.5,3.7,272.7
195,41,female,171,83,high,weightgain,3.0,2.5,4.7,251.52
196,59,female,190,78,no,weightgain,3.1,4.5,3.7,160.92
197,56,male,153,59,no,mildlose,3.1,4.5,3.7,81.7
198,42,female,156,77,low,mildlose,3.0,2.5,4.7,131.12
199,25,male,192,70,minimal,weightgain,3.1,4.5,3.7,210.88
200,53,female,187,65,minimal,maintain,3.1,3.4,4.9,133.7
201,26,female,162,91,minimal,extremelose,3.1,4.5,3.7,76.62
202,21,male,200,54,medium,extremegain,3.1,3.4,4.9,278.07
203,45,female,151,83,no,weightlose,3.0,2.5,4.7,71.02
204,18,female,178,88,medium,mildgain,3.0,2.5,4.7,224.1
205,56,male,152,63,veryhigh,extremelose,2.6,4.0,4.0,118.36
206,48,female,198,82,low,maintain,3.1,3.4,4.9,182.19
207,58,female,153,56,medium,weightlose,3.1,3.4,4.9,84.85
208,25,female,177,72,medium,weightgain,3.1,2.2,4.5,220.52
209,59,female,171,91,no,extremelose,3.0,2.5,4.7,41.82
210,56,male,158,77,low,weightlose,3.1,4.5,3.7,123.05
211,44,male,160,88,medium,mildgain,3.1,3.4,4.9,215.14
212,34,male,168,90,low,weightgain,2.6,4.0,4.0,236.32
213,32,male,193,78,medium,weightgain,2.6,4.0,4.0,254.62
214,52,male,190,72,veryhigh,weightgain,3.1,3.4,4.9,291.18
215,34,female,157,95,no,weightlose,3.1,4.5,3.7,88.02
216,24,female,157,84,high,weightlose,3.1,3.4,4.9,172.55
217,53,male,197,91,no,maintain,3.1,3.4,4.9,150.5
218,47,female,178,61,veryhigh,mildgain,2.6,4.0,4.0,221.63
219,53,male,155,99,low,weightgain,3.1,2.2,4.5,226.83
220,42,male,164,89,high,extremegain,3.0,2.5,4.7,315.98
222,56,female,160,51,medium,weightlose,3.1,3.4,4.9,85.29
223,37,male,182,87,minimal,mildlose,3.1,4.5,3.7,155.44
224,39,female,163,74,minimal,weightgain,3.0,2.5,4.7,174.66
225,54,female,174,54,high,mildlose,2.6,4.0,4.0,145.12
226,19,male,193,64,medium,mildlose,2.6,4.0,4.0,185.83
227,37,male,153,84,no,maintain,3.1,4.5,3.7,129.3
228,20,female,171,60,minimal,extremelose,2.6,4.0,4.0,55.14
229,49,male,185,75,low,extremegain,3.1,3.4,4.9,263.26
231,36,female,153,91,high,weightlose,3.0,2.5,4.7,170.48
233,47,female,179,60,minimal,extremegain,3.1,4.5,3.7,206.98
234,56,male,187,95,minimal,extremegain,2.6,4.0,4.0,257.0
235,25,male,158,61,veryhigh,maintain,2.6,4.0,4.0,224.58
236,55,male,177,91,medium,weightlose,3.1,2.2,4.5,164.66
237,24,female,171,54,veryhigh,extremelose,3.1,2.2,4.5,121.82
238,34,female,158,56,medium,weightlose,2.6,4.0,4.0,102.57
239,60,female,182,82,no,weightlose,3.1,4.5,3.7,79.72
240,34,female,192,96,minimal,weightgain,3.0,2.5,4.7,215.58
241,46,female,165,79,medium,mildgain,3.1,4.5,3.7,187.63
242,52,male,153,69,minimal,maintain,3.0,2.5,4.7,133.56
244,46,male,172,97,no,maintain,3.1,3.4,4.9,145.6
245,60,female,196,58,medium,mildgain,3.1,3.4,4.9,177.52
246,32,female,182,51,minimal,extremelose,2.6,4.0,4.0,47.34
247,28,male,150,84,medium,maintain,3.0,2.5,4.7,192.5
248,59,female,169,60,veryhigh,maintain,2.6,4.0,4.0,182.44
249,41,male,189,54,medium,mildgain,3.0,2.5,4.7,198.29
250,22,male,186,70,high,weightlose,3.1,2.2,4.5,202.53
251,30,male,173,78,medium,weightgain,3.0,2.5,4.7,241.14
252,52,male,168,79,no,extremegain,3.1,4.5,3.7,206.8
253,25,female,156,75,no,extremegain,2.6,4.0,4.0,195.12
255,20,female,175,81,veryhigh,mildlose,3.1,2.2,4.5,229.7
256,54,male,177,81,minimal,mildgain,3.0,2.5,4.7,178.52
257,40,female,162,93,low,weightgain,3.0,2.5,4.7,213.94
258,48,female,154,81,no,weightlose,3.1,3.4,4.9,69.72
259,32,female,193,89,veryhigh,extremelose,3.1,4.5,3.7,189.84
260,55,male,178,58,no,extremelose,3.1,4.5,3.7,33.8
261,46,female,162,56,veryhigh,extremegain,3.1,2.2,4.5,259.59
262,28,male,188,74,high,mildgain,3.1,3.4,4.9,265.64
265,49,female,161,78,medium,extremegain,2.6,4.0,4.0,241.77
266,29,male,169,66,high,extremelose,3.1,4.5,3.7,137.52
267,49,male,190,81,medium,weightgain,2.6,4.0,4.0,245.98
268,28,male,155,80,veryhigh,extremelose,2.6,4.0,4.0,168.33
269,45,female,173,73,veryhigh,mildgain,3.1,4.5,3.7,236.64
270,50,female,194,89,no,maintain,2.6,4.0,4.0,135.32
271,20,female,175,74,veryhigh,mildlose,3.0,2.5,4.7,219.06
272,30,female,191,87,low,extremegain,3.0,2.5,4.7,272.77
273,24,male,183,50,low,extremegain,3.1,3.4,4.9,248.14
274,19,female,197,96,veryhigh,extremelose,2.6,4.0,4.0,214.16
275,48,male,155,94,no,mildlose,3.1,3.4,4.9,113.9
276,19,female,191,94,high,weightlose,2.6,4.0,4.0,219.13
277,26,female,174,51,no,mildgain,3.0,2.5,4.7,124.52
278,49,male,189,85,no,maintain,3.1,3.4,4.9,143.3
279,54,male,183,61,medium,mildgain,3.1,4.5,3.7,194.48
280,40,female,184,62,no,mildlose,3.0,2.5,4.7,92.72
281,59,male,151,74,minimal,mildlose,3.1,3.4,4.9,113.8
283,44,female,188,77,high,extremelose,3.1,4.5,3.7,135.83
284,47,female,170,53,no,extremelose,3.1,3.4,4.9,15.72
285,56,male,199,100,low,mildgain,3.1,3.4,4.9,236.53
286,28,male,186,77,medium,mildlose,2.6,4.0,4.0,190.67
287,44,female,170,62,minimal,extremelose,3.1,2.2,4.5,44.94
288,40,female,162,55,low,mildlose,3.1,4.5,3.7,112.14
289,27,female,154,69,high,maintain,3.1,2.2,4.5,187.2
291,40,male,172,78,veryhigh,mildlose,2.6,4.0,4.0,232.32
292,19,male,165,65,minimal,mildgain,3.1,3.4,4.9,172.76
293,54,male,173,51,high,weightlose,2.6,4.0,4.0,143.02
295,47,male,163,54,no,weightgain,3.1,2.2,4.5,146.3
297,49,male,176,55,low,mildlose,3.1,3.4,4.9,135.08
298,56,female,186,91,high,weightgain,3.1,2.2,4.5,265.15
299,21,male,158,80,medium,extremegain,2.6,4.0,4.0,277.78
301,28,female,195,66,low,extremegain,3.1,4.5,3.7,253.52
302,37,male,166,84,low,extremegain,3.1,2.2,4.5,266.7
303,22,male,153,99,medium,maintain,3.1,4.5,3.7,215.79
305,31,male,153,60,veryhigh,extremegain,3.1,3.4,4.9,293.75
306,51,male,198,79,high,extremegain,3.1,3.4,4.9,325.3
307,60,female,167,53,low,maintain,3.1,3.4,4.9,122.38
308,33,male,150,77,no,weightgain,3.1,3.4,4.9,163.8
309,43,female,196,100,high,mildgain,3.1,2.2,4.5,275.16
311,27,male,187,100,low,extremelose,3.1,2.2,4.5,144.23
312,58,male,194,63,low,extremegain,2.6,4.0,4.0,251.3
313,24,male,167,52,minimal,maintain,2.6,4.0,4.0,139.08
315,58,female,184,63,no,extremelose,3.1,3.4,4.9,26.32
316,59,male,171,57,no,mildlose,2.6,4.0,4.0,87.9
317,41,male,164,66,medium,weightlose,3.1,3.4,4.9,134.04
319,24,male,198,52,medium,mildgain,3.1,4.5,3.7,212.5
321,51,female,196,64,veryhigh,maintain,2.6,4.0,4.0,220.25
322,19,female,172,92,veryhigh,maintain,3.0,2.5,4.7,264.33
323,60,male,191,52,no,weightgain,3.1,3.4,4.9,153.5
324,38,female,190,54,medium,maintain,2.6,4.0,4.0,161.33
325,19,female,194,98,low,extremelose,3.1,2.2,4.5,132.98
326,19,male,194,75,medium,weightgain,3.1,4.5,3.7,259.46
327,55,male,152,58,high,weightgain,3.0,2.5,4.7,213.88
328,58,male,194,54,low,maintain,3.1,2.2,4.5,161.4
329,44,female,193,81,low,extremegain,3.0,2.5,4.7,259.85
330,40,male,178,60,medium,mildlose,3.1,4.5,3.7,157.85
332,25,female,160,67,medium,weightlose,3.1,2.2,4.5,122.2
333,23,female,169,92,high,weightgain,3.1,2.2,4.5,274.63
334,37,female,150,96,no,extremelose,3.1,3.4,4.9,44.12
335,46,male,166,96,medium,extremegain,3.1,4.5,3.7,287.74
336,19,female,183,84,no,mildlose,2.6,4.0,4.0,118.22
337,30,male,150,54,veryhigh,weightgain,3.1,2.2,4.5,242.54
338,37,male,194,72,no,extremegain,3.1,4.5,3.7,220.2
339,20,male,191,72,no,extremelose,3.1,4.5,3.7,65.5
340,56,male,198,86,low,maintain,3.0,2.5,4.7,200.44
341,54,male,167,96,minimal,mildlose,3.0,2.5,4.7,146.92
342,24,female,185,89,medium,extremelose,3.1,4.5,3.7,126.89
344,50,female,181,63,low,mildlose,2.6,4.0,4.0,128.5
347,19,female,173,88,high,extremegain,3.1,4.5,3.7,315.32
348,26,female,152,68,veryhigh,extremelose,2.6,4.0,4.0,123.53
350,37,female,173,94,minimal,maintain,3.1,3.4,4.9,160.82
351,54,male,161,52,minimal,weightgain,3.1,3.4,4.9,161.08
352,52,male,158,91,medium,extremegain,3.1,4.5,3.7,272.5
353,25,male,187,83,low,weightgain,3.1,2.2,4.5,246.63
354,58,male,163,79,low,mildlose,2.6,4.0,4.0,147.59
355,33,male,192,94,low,extremegain,3.1,4.5,3.7,297.77
357,29,male,158,79,medium,mildgain,3.0,2.5,4.7,211.91
358,44,female,159,60,low,maintain,2.6,4.0,4.0,133.38
359,45,female,183,53,veryhigh,mildlose,3.1,3.4,4.9,175.74
360,31,male,163,64,minimal,extremelose,3.1,4.5,3.7,64.84
361,40,female,152,72,veryhigh,extremegain,2.6,4.0,4.0,278.97
362,19,male,161,64,no,weightgain,3.1,2.2,4.5,164.5
363,59,male,192,83,medium,weightlose,2.6,4.0,4.0,163.93
364,45,female,175,95,no,maintain,3.1,4.5,3.7,132.62
365,47,male,153,83,low,mildgain,3.1,4.5,3.7,191.16
367,36,male,173,65,no,mildgain,3.1,2.2,4.5,144.5
368,29,male,193,85,veryhigh,maintain,3.1,3.4,4.9,291.27
369,19,male,184,64,low,extremegain,3.1,2.2,4.5,266.97
370,30,male,182,80,minimal,maintain,2.6,4.0,4.0,172.08
372,44,male,196,75,low,weightgain,3.1,4.5,3.7,233.57
373,43,female,182,86,high,weightgain,3.0,2.5,4.7,263.77
374,24,female,193,50,low,mildgain,2.6,4.0,4.0,176.75
375,54,female,166,98,veryhigh,extremegain,3.1,4.5,3.7,321.15
376,41,male,156,97,low,extremelose,3.1,2.2,4.5,111.92
377,30,male,154,87,low,maintain,3.1,2.2,4.5,185.6
378,37,female,150,57,low,maintain,3.1,4.5,3.7,127.74
379,31,female,187,77,minimal,extremegain,3.1,2.2,4.5,235.78
380,33,female,190,51,minimal,weightgain,3.1,2.2,4.5,171.66
381,32,male,156,98,low,maintain,3.1,3.4,4.9,197.97
382,58,male,182,84,minimal,mildlose,3.0,2.5,4.7,142.48
383,60,female,198,78,high,weightlose,3.0,2.5,4.7,174.8
384,24,female,156,87,high,extremelose,3.1,3.4,4.9,135.83
385,43,male,187,89,low,weightlose,3.1,3.4,4.9,163.33
386,51,female,152,99,medium,extremegain,3.1,3.4,4.9,258.61
387,18,male,170,71,high,extremelose,3.1,2.2,4.5,152.88
388,35,male,197,90,medium,weightgain,3.1,4.5,3.7,269.86
389,26,male,197,58,no,mildgain,2.6,4.0,4.0,154.9
391,43,male,189,87,low,extremelose,3.1,2.2,4.5,122.51
392,49,male,167,78,veryhigh,maintain,3.1,2.2,4.5,240.73
393,56,male,200,91,no,maintain,2.6,4.0,4.0,150.8
395,18,female,151,100,no,extremelose,3.1,2.2,4.5,55.42
396,29,female,200,57,no,extremelose,3.1,4.5,3.7,41.12
397,58,male,193,71,veryhigh,mildlose,3.1,2.2,4.5,227.95
398,40,male,198,97,medium,mildlose,3.1,2.2,4.5,215.87
399,59,male,165,89,minimal,maintain,3.1,2.2,4.5,156.6
400,33,male,173,92,low,weightlose,3.1,4.5,3.7,162.51
401,45,female,152,66,no,weightlose,2.6,4.0,4.0,57.92
402,27,female,165,54,medium,extremegain,3.1,2.2,4.5,229.46
403,29,female,152,56,minimal,weightgain,3.0,2.5,4.7,155.58
404,45,male,170,82,no,extremelose,3.1,3.4,4.9,53.0
405,51,male,182,50,low,extremelose,3.0,2.5,4.7,72.6
406,38,male,194,54,low,mildgain,3.1,2.2,4.5,192.4
407,28,female,151,89,medium,mildlose,3.0,2.5,4.7,159.64
408,18,male,160,81,veryhigh,weightgain,3.1,3.4,4.9,302.2
410,31,female,193,66,minimal,weightlose,3.1,3.4,4.9,108.82
411,42,female,186,50,medium,weightgain,3.1,3.4,4.9,191.36
412,32,male,182,97,veryhigh,extremegain,3.1,3.4,4.9,376.78
414,22,female,150,64,low,extremegain,3.1,4.5,3.7,223.69
415,39,female,155,100,medium,extremegain,3.0,2.5,4.7,269.01
416,25,male,182,97,high,mildgain,3.1,3.4,4.9,294.28
417,51,male,187,64,low,maintain,3.0,2.5,4.7,171.44
419,24,female,188,83,veryhigh,extremegain,3.1,3.4,4.9,342.05
420,27,female,170,99,high,extremegain,3.0,2.5,4.7,322.4
421,24,female,173,63,minimal,mildlose,3.1,3.4,4.9,117.3
422,42,male,165,65,high,weightgain,3.0,2.5,4.7,243.72
423,33,male,151,54,no,mildlose,3.1,2.2,4.5,85.9
424,30,male,174,78,veryhigh,mildgain,3.0,2.5,4.7,281.82
425,43,male,193,94,minimal,weightlose,3.1,3.4,4.9,145.88
426,21,female,178,68,low,mildlose,3.1,3.4,4.9,147.89
427,31,male,156,86,low,extremelose,3.1,4.5,3.7,105.32
429,54,male,178,61,low,weightlose,3.1,3.4,4.9,120.3
430,32,female,179,71,low,mildlose,3.0,2.5,4.7,145.83
431,58,male,151,86,no,extremegain,3.1,3.4,4.9,201.5
432,34,female,151,100,veryhigh,mildgain,3.1,3.4,4.9,265.14
433,50,female,174,99,medium,mildlose,2.6,4.0,4.0,175.31
434,37,male,173,92,veryhigh,weightgain,3.1,3.4,4.9,316.83
435,33,male,197,76,veryhigh,weightlose,3.1,3.4,4.9,238.35
436,42,male,165,68,low,maintain,3.1,3.4,4.9,165.66
438,29,male,163,55,medium,maintain,3.1,2.2,4.5,167.45
439,41,male,196,67,no,mildlose,3.0,2.5,4.7,115.6
440,41,female,178,64,veryhigh,extremelose,3.1,2.2,4.5,130.75
441,20,male,173,85,no,mildlose,2.6,4.0,4.0,126.9
442,19,female,174,65,high,mildlose,2.6,4.0,4.0,184.45
443,38,female,153,56,high,weightlose,3.1,4.5,3.7,120.8
446,24,female,164,82,minimal,extremelose,2.6,4.0,4.0,70.14
447,46,female,152,52,veryhigh,mildlose,3.1,3.4,4.9,144.01
448,51,female,195,90,minimal,extremegain,3.1,4.5,3.7,243.46
449,29,male,170,81,high,mildgain,3.1,3.4,4.9,259.08
450,41,male,162,74,veryhigh,extremelose,2.6,4.0,4.0,155.98
451,55,male,191,98,low,maintain,3.1,3.4,4.9,209.38
452,58,female,172,71,low,maintain,3.1,4.5,3.7,146.72
453,36,female,151,51,no,extremegain,2.6,4.0,4.0,169.02
454,52,male,195,80,veryhigh,weightlose,3.1,3.4,4.9,228.09
455,31,male,173,56,no,maintain,3.1,2.2,4.5,119.3
456,33,female,185,83,no,extremegain,3.1,4.5,3.7,212.82
457,56,male,165,82,medium,extremegain,3.0,2.5,4.7,264.74
458,32,male,174,64,minimal,maintain,3.1,3.4,4.9,150.96
460,33,male,169,68,medium,weightlose,3.1,4.5,3.7,144.74
461,47,male,161,99,low,mildgain,3.1,3.4,4.9,214.26
462,42,male,157,72,high,maintain,2.6,4.0,4.0,206.48
463,20,male,158,74,low,mildlose,3.1,4.5,3.7,159.55
464,52,female,153,93,veryhigh,mildlose,3.1,2.2,4.5,202.72
465,47,male,185,83,low,extremegain,3.0,2.5,4.7,273.16
466,44,female,153,55,minimal,mildgain,3.1,3.4,4.9,128.02
467,29,female,160,67,high,mildlose,2.6,4.0,4.0,168.23
468,54,female,191,58,low,mildgain,3.1,4.5,3.7,167.68
469,22,female,200,58,medium,extremelose,2.6,4.0,4.0,102.71
470,24,female,174,97,no,extremelose,3.1,4.5,3.7,62.12
471,27,male,168,51,veryhigh,weightgain,3.1,2.2,4.5,257.36
472,19,male,165,96,no,weightgain,3.1,3.4,4.9,192.1
473,25,male,174,64,medium,mildlose,2.6,4.0,4.0,168.4
474,18,male,163,81,no,mildgain,2.6,4.0,4.0,159.5
475,55,male,196,55,medium,weightlose,2.6,4.0,4.0,136.39
476,43,female,174,60,high,weightlose,3.0,2.5,4.7,140.99
477,18,male,152,53,high,extremelose,3.0,2.5,4.7,112.51
478,47,female,150,87,low,extremegain,3.1,4.5,3.7,235.24
479,40,female,151,52,medium,weightlose,3.0,2.5,4.7,89.24
480,36,female,156,89,medium,weightgain,3.1,2.2,4.5,218.61
481,56,female,178,78,minimal,maintain,3.1,4.5,3.7,139.34
482,53,female,165,92,low,weightlose,3.0,2.5,4.7,127.75
483,57,female,155,66,medium,extremelose,3.1,4.5,3.7,58.62
484,30,female,178,84,veryhigh,mildlose,3.1,4.5,3.7,229.51
485,49,male,184,65,minimal,maintain,3.0,2.5,4.7,149.76
486,55,male,180,72,minimal,extremelose,3.0,2.5,4.7,71.2
487,35,male,182,97,medium,maintain,2.6,4.0,4.0,227.08
488,60,male,196,63,low,mildlose,3.0,2.5,4.7,151.57
489,24,female,196,51,low,extremegain,2.6,4.0,4.0,239.91
491,36,female,181,67,no,extremegain,3.1,3.4,4.9,196.82
492,45,female,156,96,minimal,maintain,3.1,3.4,4.9,148.7
493,59,male,161,77,low,mildgain,2.6,4.0,4.0,183.46
494,33,male,178,81,no,maintain,3.1,4.5,3.7,141.0
495,54,male,175,91,low,mildgain,3.1,4.5,3.7,211.23
497,22,male,165,71,minimal,weightlose,3.0,2.5,4.7,117.08
498,39,female,192,76,medium,weightgain,3.1,2.2,4.5,227.99
499,32,female,177,80,low,weightgain,3.1,2.2,4.5,214.35
500,32,male,200,86,high,extremegain,2.6,4.0,4.0,349.79
501,42,female,189,99,no,mildlose,3.1,2.2,4.5,124.02
502,21,male,179,97,veryhigh,maintain,3.1,2.2,4.5,302.29
504,26,male,158,80,veryhigh,mildlose,3.0,2.5,4.7,232.7
505,39,female,158,55,high,maintain,3.0,2.5,4.7,163.05
506,39,female,170,70,no,weightgain,2.6,4.0,4.0,152.52
507,50,female,192,97,no,maintain,3.1,3.4,4.9,140.72
508,27,female,177,87,high,extremegain,3.1,4.5,3.7,311.87
509,55,female,170,66,low,mildgain,3.1,4.5,3.7,161.49
510,40,female,191,70,veryhigh,mildgain,3.1,2.2,4.5,252.98
511,44,female,168,50,low,maintain,3.0,2.5,4.7,128.57
512,41,male,159,54,medium,weightgain,3.1,3.4,4.9,196.32
514,33,female,161,100,medium,maintain,3.1,3.4,4.9,196.93
515,45,female,150,94,veryhigh,mildgain,3.1,4.5,3.7,246.71
517,32,female,157,98,minimal,extremegain,2.6,4.0,4.0,237.46
518,27,female,187,60,minimal,weightlose,2.6,4.0,4.0,101.38
519,45,male,179,63,veryhigh,weightlose,3.1,3.4,4.9,192.37
520,20,female,165,77,veryhigh,maintain,2.6,4.0,4.0,234.12
521,24,female,155,67,low,extremegain,3.0,2.5,4.7,229.33
522,31,female,165,90,no,mildlose,3.0,2.5,4.7,109.22
523,42,female,197,84,no,extremelose,3.1,3.4,4.9,56.02
524,39,female,174,95,no,extremelose,3.1,4.5,3.7,54.52
525,28,female,171,99,low,weightgain,3.1,4.5,3.7,233.32
526,39,male,150,56,low,extremegain,3.1,3.4,4.9,223.8
527,43,male,182,92,veryhigh,extremelose,2.6,4.0,4.0,200.82
528,32,female,180,83,minimal,weightlose,3.1,4.5,3.7,116.86
529,46,male,155,85,veryhigh,weightlose,3.1,2.2,4.5,202.25
530,30,male,153,70,high,maintain,2.6,4.0,4.0,208.55
531,48,female,153,61,high,weightgain,3.1,4.5,3.7,200.8
532,24,female,163,89,medium,extremegain,3.1,4.5,3.7,270.77
533,34,male,175,62,minimal,weightlose,3.1,3.4,4.9,108.68
534,56,female,151,66,low,weightgain,3.1,2.2,4.5,167.88
535,48,female,183,55,high,mildlose,2.6,4.0,4.0,158.4
536,28,male,168,78,no,maintain,3.0,2.5,4.7,135.6
537,45,male,184,96,minimal,weightlose,2.6,4.0,4.0,141.44
538,32,female,184,62,low,mildlose,3.1,4.5,3.7,139.36
539,39,female,150,64,veryhigh,extremegain,3.1,2.2,4.5,265.67
540,21,female,163,100,medium,extremegain,3.1,2.2,4.5,285.42
541,32,female,196,55,low,maintain,3.1,4.5,3.7,159.91
542,60,male,172,60,veryhigh,extremelose,2.6,4.0,4.0,129.76
543,30,female,184,74,minimal,weightlose,2.6,4.0,4.0,111.58
544,57,male,198,94,no,weightlose,3.0,2.5,4.7,111.8
545,33,male,194,64,no,weightgain,3.1,3.4,4.9,175.4
546,19,male,166,56,minimal,mildlose,3.0,2.5,4.7,124.72
548,40,male,196,80,no,weightgain,3.1,3.4,4.9,186.4
549,52,male,198,68,veryhigh,mildlose,3.1,2.2,4.5,232.7
550,34,female,153,94,high,weightlose,3.0,2.5,4.7,176.0
551,31,male,150,64,low,weightlose,3.1,3.4,4.9,117.0
553,44,male,196,54,minimal,maintain,2.6,4.0,4.0,148.8
554,27,male,193,80,veryhigh,mildlose,3.1,4.5,3.7,265.19
556,56,female,166,84,low,mildlose,2.6,4.0,4.0,137.99
557,52,male,191,64,low,weightgain,3.0,2.5,4.7,213.63
559,46,male,187,56,low,extremelose,3.1,2.2,4.5,85.39
560,31,female,159,71,low,weightgain,3.0,2.5,4.7,192.63
562,49,female,171,53,minimal,weightgain,3.1,3.4,4.9,154.5
563,52,male,176,50,no,extremegain,2.6,4.0,4.0,187.6
564,41,male,165,65,medium,weightgain,3.1,2.2,4.5,213.6
566,21,female,199,73,medium,extremegain,3.1,4.5,3.7,280.15
567,52,male,157,64,minimal,weightgain,2.6,4.0,4.0,171.16
568,21,male,150,95,medium,weightlose,3.1,2.2,4.5,169.5
569,27,male,179,98,no,weightgain,3.1,3.4,4.9,197.5
570,54,female,180,88,veryhigh,extremelose,3.1,3.4,4.9,159.25
571,20,female,157,70,high,mildlose,3.1,2.2,4.5,175.99
572,42,female,163,79,medium,weightgain,2.6,4.0,4.0,208.5
574,59,male,190,90,minimal,extremegain,3.0,2.5,4.7,252.56
575,27,female,178,80,low,weightlose,3.0,2.5,4.7,137.79
576,59,female,199,86,low,maintain,3.0,2.5,4.7,181.22
577,35,female,179,69,no,extremegain,3.1,4.5,3.7,197.82
578,39,female,180,60,veryhigh,mildlose,3.1,4.5,3.7,188.09
579,38,female,175,67,low,mildgain,2.6,4.0,4.0,175.38
580,38,male,165,75,veryhigh,weightgain,3.1,2.2,4.5,282.63
581,22,female,200,66,minimal,extremegain,3.1,3.4,4.9,237.34
582,48,female,193,81,veryhigh,mildlose,3.1,3.4,4.9,225.52
583,38,male,152,77,minimal,extremegain,3.1,3.4,4.9,227.36
584,35,male,177,56,high,extremegain,3.1,2.2,4.5,286.48
585,34,male,166,87,low,weightgain,3.0,2.5,4.7,231.64
587,26,female,155,85,high,mildgain,2.6,4.0,4.0,230.83
588,36,female,153,75,medium,maintain,3.0,2.5,4.7,160.01
589,35,female,173,70,high,extremelose,3.0,2.5,4.7,119.44
590,26,female,187,67,high,extremelose,2.6,4.0,4.0,133.59
591,20,female,177,68,high,mildgain,3.1,4.5,3.7,230.48
593,52,male,195,81,no,maintain,3.1,4.5,3.7,141.9
595,45,female,181,82,medium,weightgain,3.1,2.2,4.5,223.45
596,60,female,198,76,veryhigh,extremelose,3.1,4.5,3.7,153.55
597,55,female,170,82,high,mildlose,3.1,2.2,4.5,179.62
598,39,female,168,84,no,extremelose,3.0,2.5,4.7,42.72
599,37,male,150,91,medium,extremelose,3.1,4.5,3.7,115.43
600,46,female,196,52,no,extremelose,3.1,3.4,4.9,28.32
601,24,male,165,55,minimal,extremegain,3.1,2.2,4.5,220.76
602,30,male,193,68,low,mildgain,3.0,2.5,4.7,211.51
604,32,male,196,58,high,weightgain,3.0,2.5,4.7,267.7
605,26,male,164,60,no,mildgain,2.6,4.0,4.0,140.0
606,41,male,196,84,high,weightlose,3.1,4.5,3.7,217.37
607,43,male,199,85,medium,extremelose,3.1,2.2,4.5,140.78
608,29,female,155,80,veryhigh,weightgain,3.0,2.5,4.7,262.34
609,23,female,190,66,veryhigh,mildlose,2.6,4.0,4.0,218.87
610,31,female,188,83,no,maintain,3.1,4.5,3.7,135.12
611,53,female,160,69,minimal,maintain,2.6,4.0,4.0,121.34
613,38,male,156,82,veryhigh,extremelose,3.0,2.5,4.7,164.72
614,21,male,194,83,veryhigh,extremegain,2.6,4.0,4.0,375.26
615,49,male,180,58,medium,weightgain,3.1,3.4,4.9,211.7
616,50,female,176,92,medium,weightgain,3.1,2.2,4.5,228.57
617,19,male,171,54,no,mildgain,3.1,4.5,3.7,141.5
618,42,male,163,64,high,extremelose,3.1,4.5,3.7,120.62
619,38,male,196,91,low,weightlose,3.1,2.2,4.5,174.47
620,32,male,154,58,minimal,mildlose,3.1,3.4,4.9,113.2
621,36,female,182,57,minimal,extremegain,3.1,2.2,4.5,211.18
622,40,male,169,66,minimal,extremelose,3.1,3.4,4.9,66.04
623,26,female,168,50,minimal,extremelose,2.6,4.0,4.0,40.86
624,51,male,160,99,minimal,weightgain,3.1,2.2,4.5,207.04
625,42,male,157,71,low,mildgain,3.1,3.4,4.9,183.46
626,33,male,176,85,veryhigh,mildlose,3.1,4.5,3.7,252.08
627,44,male,170,77,low,mildgain,2.6,4.0,4.0,197.9
628,24,female,154,85,no,maintain,3.1,4.5,3.7,122.52
629,34,female,154,50,low,maintain,2.6,4.0,4.0,124.45
630,50,male,181,69,high,maintain,3.0,2.5,4.7,217.52
632,44,male,181,88,high,mildlose,3.1,4.5,3.7,227.88
633,55,male,151,99,high,weightlose,2.6,4.0,4.0,189.6
634,18,male,174,64,low,mildgain,3.0,2.5,4.7,200.65
635,22,female,199,76,high,extremelose,2.6,4.0,4.0,159.12
637,27,female,165,100,medium,extremegain,3.1,2.2,4.5,283.37
638,33,male,179,60,medium,extremelose,3.1,4.5,3.7,102.69
639,33,female,161,99,minimal,maintain,3.1,2.2,4.5,160.34
640,38,female,175,59,veryhigh,weightgain,3.1,2.2,4.5,242.58
641,29,female,184,97,no,maintain,3.0,2.5,4.7,145.12
642,58,female,157,93,minimal,extremegain,3.0,2.5,4.7,220.18
643,51,female,185,64,no,weightgain,3.1,3.4,4.9,150.42
644,44,female,175,59,no,mildgain,3.1,4.5,3.7,124.22
645,22,male,192,76,high,maintain,3.1,3.4,4.9,255.99
646,40,male,197,84,high,weightgain,3.1,3.4,4.9,298.92
647,59,male,173,60,medium,weightlose,3.1,4.5,3.7,123.05
649,45,female,161,81,medium,weightgain,2.6,4.0,4.0,207.63
650,33,female,175,90,veryhigh,mildlose,2.6,4.0,4.0,233.5
651,54,female,198,78,medium,maintain,2.6,4.0,4.0,185.94
652,52,female,164,71,minimal,weightgain,2.6,4.0,4.0,166.14
653,31,male,166,70,minimal,weightgain,3.1,4.5,3.7,192.4
655,53,female,190,74,medium,weightlose,3.1,3.4,4.9,135.98
656,60,female,182,83,no,extremegain,3.1,2.2,4.5,200.52
657,30,female,181,97,veryhigh,extremegain,3.1,2.2,4.5,352.12
658,46,female,173,61,high,weightlose,3.1,3.4,4.9,139.43
659,44,male,192,86,minimal,maintain,3.0,2.5,4.7,177.12
660,20,female,187,96,veryhigh,extremelose,3.1,3.4,4.9,203.9
661,54,male,194,68,no,mildgain,3.1,4.5,3.7,150.2
662,40,male,200,56,no,extremegain,2.6,4.0,4.0,209.2
664,49,female,199,81,no,weightlose,3.1,2.2,4.5,91.82
665,33,female,161,81,veryhigh,extremegain,3.1,3.4,4.9,306.52
666,30,female,150,94,medium,weightgain,3.1,3.4,4.9,223.59
667,57,female,189,65,medium,weightgain,3.1,2.2,4.5,202.35
668,42,female,200,87,veryhigh,extremegain,3.1,2.2,4.5,345.85
669,49,female,163,55,high,mildlose,3.0,2.5,4.7,140.46
670,54,male,177,58,low,mildlose,3.1,3.4,4.9,136.31
671,43,female,173,74,veryhigh,extremegain,3.1,3.4,4.9,299.68
672,20,female,183,97,no,mildgain,3.0,2.5,4.7,168.22
673,21,female,171,54,minimal,mildgain,3.0,2.5,4.7,148.9
674,52,female,169,76,no,extremegain,3.0,2.5,4.7,191.62
675,54,female,170,75,low,mildgain,3.0,2.5,4.7,171.94
676,19,male,177,67,no,weightgain,3.0,2.5,4.7,174.9
677,54,male,195,61,low,mildgain,3.0,2.5,4.7,191.98
678,60,male,170,83,low,mildgain,3.1,4.5,3.7,195.7
679,20,male,161,94,veryhigh,weightgain,3.1,4.5,3.7,321.39
680,58,male,193,76,veryhigh,weightgain,3.0,2.5,4.7,295.55
681,42,male,192,83,veryhigh,weightlose,3.1,2.2,4.5,237.4
683,41,male,175,99,low,mildgain,3.1,2.2,4.5,227.18
684,33,male,186,59,high,mildgain,2.6,4.0,4.0,239.77
685,36,male,190,61,high,mildgain,3.1,4.5,3.7,243.91
686,41,male,192,82,high,extremegain,3.1,2.2,4.5,331.16
687,58,female,159,54,minimal,mildgain,3.1,4.5,3.7,123.94
688,60,female,158,75,veryhigh,extremelose,3.0,2.5,4.7,114.03
689,29,male,177,51,no,weightgain,3.1,3.4,4.9,158.1
690,40,female,156,100,low,weightgain,2.6,4.0,4.0,217.51
691,33,female,168,97,low,mildgain,3.1,2.2,4.5,206.31
692,20,female,183,73,no,weightlose,3.1,2.2,4.5,89.02
693,24,male,180,57,no,mildlose,3.1,3.4,4.9,106.4
694,52,male,174,53,no,maintain,3.0,2.5,4.7,109.0
695,29,male,198,75,low,weightgain,3.0,2.5,4.7,243.19
697,29,female,191,92,no,mildlose,3.1,3.4,4.9,124.62
698,53,female,189,77,no,weightlose,2.6,4.0,4.0,82.02
699,45,female,188,58,low,weightlose,3.1,2.2,4.5,110.57
701,24,male,177,81,veryhigh,weightgain,3.0,2.5,4.7,313.79
702,33,male,165,78,veryhigh,maintain,3.1,4.5,3.7,250.99
703,23,female,158,93,veryhigh,weightlose,3.1,4.5,3.7,209.51
704,39,male,188,72,minimal,weightlose,3.1,4.5,3.7,123.68
705,36,female,173,88,medium,mildgain,3.1,2.2,4.5,209.89
706,23,female,182,61,low,mildgain,2.6,4.0,4.0,181.84
707,44,male,180,78,low,extremelose,3.1,2.2,4.5,105.87
708,56,female,192,75,minimal,extremelose,3.0,2.5,4.7,64.86
709,42,female,189,76,high,extremegain,3.1,3.4,4.9,296.69
711,29,male,182,74,veryhigh,weightlose,3.1,3.4,4.9,224.1
712,29,male,199,98,veryhigh,weightgain,3.1,4.5,3.7,356.73
713,32,female,170,79,medium,extremelose,3.1,2.2,4.5,99.49
714,59,male,192,73,minimal,mildlose,3.1,4.5,3.7,137.44
715,27,female,188,66,no,extremegain,3.1,2.2,4.5,203.12
716,50,female,189,62,no,extremegain,3.1,3.4,4.9,191.22
717,47,male,178,55,high,weightgain,3.1,2.2,4.5,237.69
718,29,male,162,86,medium,extremegain,3.1,3.4,4.9,283.05
719,22,male,178,75,minimal,extremelose,3.1,3.4,4.9,88.72
720,28,female,191,68,high,mildlose,3.1,3.4,4.9,197.04
721,21,female,177,89,medium,maintain,3.1,2.2,4.5,202.79
722,51,male,177,93,high,extremegain,3.1,4.5,3.7,326.5
723,26,female,168,62,minimal,extremelose,2.6,4.0,4.0,52.38
724,42,male,196,86,no,extremelose,3.1,3.4,4.9,70.4
725,42,female,165,95,medium,extremegain,3.1,2.2,4.5,268.72
726,46,female,166,51,no,weightgain,2.6,4.0,4.0,132.52
727,48,female,185,73,medium,weightlose,3.1,4.5,3.7,134.07
728,40,female,190,96,minimal,weightlose,3.1,2.2,4.5,131.5
729,21,female,169,80,high,mildlose,2.6,4.0,4.0,199.45
730,20,female,199,55,low,mildlose,3.1,2.2,4.5,148.58
731,50,male,154,54,medium,mildlose,3.1,3.4,4.9,127.38
732,20,female,162,89,medium,extremegain,2.6,4.0,4.0,272.38
733,42,male,164,87,high,maintain,2.6,4.0,4.0,233.22
734,40,female,177,50,low,maintain,3.1,4.5,3.7,136.96
735,57,male,161,68,medium,weightgain,3.0,2.5,4.7,204.81
737,30,male,158,88,low,extremegain,3.1,2.2,4.5,269.44
739,20,male,156,99,low,weightlose,3.1,2.2,4.5,165.67
740,19,male,183,83,high,mildlose,2.6,4.0,4.0,239.96
741,40,male,172,77,veryhigh,weightlose,3.0,2.5,4.7,210.8
743,18,female,197,93,no,extremegain,3.1,3.4,4.9,232.82
745,46,female,153,98,low,extremegain,2.6,4.0,4.0,249.95
746,30,male,196,70,veryhigh,weightgain,3.0,2.5,4.7,310.56
747,28,male,170,54,low,mildgain,3.0,2.5,4.7,181.4
748,37,female,192,58,high,weightgain,3.0,2.5,4.7,237.89
749,19,female,162,74,high,maintain,3.1,3.4,4.9,206.52
750,48,male,155,83,medium,mildlose,2.6,4.0,4.0,163.27
751,35,female,180,86,low,weightgain,2.6,4.0,4.0,221.36
752,40,female,164,76,minimal,maintain,3.1,2.2,4.5,136.7
753,46,female,174,52,no,extremegain,2.6,4.0,4.0,177.32
755,18,female,153,79,veryhigh,weightgain,3.1,4.5,3.7,267.28
756,45,male,172,69,minimal,mildlose,3.1,4.5,3.7,128.32
758,53,female,172,61,medium,extremelose,3.0,2.5,4.7,67.55
759,53,male,165,98,low,mildlose,2.6,4.0,4.0,172.61
760,48,female,166,98,minimal,weightlose,3.1,4.5,3.7,115.18
761,37,female,168,77,veryhigh,weightlose,2.6,4.0,4.0,184.05
762,53,male,191,59,medium,weightgain,3.1,4.5,3.7,218.58
763,28,female,151,52,no,maintain,3.1,4.5,3.7,93.02
765,44,female,177,90,no,weightgain,3.1,4.5,3.7,170.02
766,26,female,175,100,no,extremelose,3.1,4.5,3.7,64.22
767,53,female,177,99,minimal,weightgain,3.1,2.2,4.5,200.34
768,43,male,189,88,no,extremelose,3.0,2.5,4.7,68.1
769,54,female,172,74,high,weightgain,3.1,2.2,4.5,230.99
770,56,female,180,69,high,extremegain,3.0,2.5,4.7,269.61
771,39,male,161,70,no,mildgain,3.1,3.4,4.9,141.3
772,48,female,153,69,high,maintain,3.1,4.5,3.7,171.84
773,53,female,152,91,minimal,weightgain,3.0,2.5,4.7,177.66
774,44,male,174,63,high,mildlose,3.1,4.5,3.7,187.34
776,39,female,195,92,medium,extremelose,2.6,4.0,4.0,128.94
777,33,male,166,52,medium,weightlose,3.1,3.4,4.9,123.79
778,19,female,154,53,high,mildlose,3.1,3.4,4.9,150.64
779,44,female,151,90,no,maintain,3.0,2.5,4.7,117.02
780,23,male,194,77,high,extremelose,3.1,3.4,4.9,178.41
781,42,male,168,71,veryhigh,mildgain,3.0,2.5,4.7,256.36
782,23,female,195,62,high,weightlose,3.1,2.2,4.5,175.66
783,50,female,150,54,minimal,mildlose,3.0,2.5,4.7,82.38
784,60,female,183,69,veryhigh,mildgain,2.6,4.0,4.0,228.66
785,50,male,176,54,medium,extremelose,3.0,2.5,4.7,83.49
787,27,female,173,62,medium,extremegain,2.6,4.0,4.0,244.7
788,49,female,162,83,veryhigh,extremegain,3.0,2.5,4.7,298.35
789,58,male,174,86,high,mildgain,3.1,2.2,4.5,249.43
790,33,male,161,62,minimal,maintain,2.6,4.0,4.0,140.76
791,22,male,193,87,veryhigh,mildgain,3.0,2.5,4.7,319.63
792,56,female,186,61,minimal,weightlose,3.0,2.5,4.7,87.82
793,45,male,175,72,high,weightgain,2.6,4.0,4.0,259.94
794,24,male,177,79,minimal,mildlose,3.1,2.2,4.5,151.0
795,59,male,179,64,high,weightlose,3.1,2.2,4.5,162.69
796,21,male,168,64,minimal,weightlose,3.0,2.5,4.7,112.64
797,44,female,173,63,minimal,mildgain,3.0,2.5,4.7,147.7
799,18,male,151,78,minimal,weightgain,3.0,2.5,4.7,197.32
800,19,female,192,79,high,extremelose,3.0,2.5,4.7,159.29
801,18,male,151,89,high,weightgain,3.1,4.5,3.7,281.33
802,18,male,181,97,no,mildgain,2.6,4.0,4.0,181.3
803,21,female,151,91,medium,mildgain,3.0,2.5,4.7,206.08
804,50,female,187,53,low,weightlose,2.6,4.0,4.0,101.63
805,60,male,186,98,no,mildlose,3.1,2.2,4.5,127.8
807,42,female,197,53,high,weightgain,3.1,2.2,4.5,231.85
809,40,female,195,56,minimal,mildlose,3.1,2.2,4.5,116.1
810,25,male,191,54,high,weightgain,2.6,4.0,4.0,262.7
812,23,male,176,99,no,mildlose,2.6,4.0,4.0,138.4
815,44,male,197,55,low,weightlose,3.1,3.4,4.9,132.26
816,54,female,170,97,no,extremegain,3.1,2.2,4.5,208.12
817,49,female,172,97,no,extremegain,3.0,2.5,4.7,211.12
819,27,male,176,74,medium,mildgain,3.1,2.2,4.5,220.41
820,46,female,196,90,minimal,weightgain,3.1,3.4,4.9,206.46
823,18,male,178,79,minimal,weightgain,3.1,2.2,4.5,214.48
824,34,female,161,63,minimal,weightlose,2.6,4.0,4.0,85.3
825,31,female,166,75,medium,mildgain,3.1,2.2,4.5,192.46
826,35,female,184,69,medium,weightlose,3.1,4.5,3.7,136.27
827,31,female,192,76,no,maintain,3.1,2.2,4.5,131.52
828,59,female,172,61,no,maintain,2.6,4.0,4.0,98.32
830,52,female,160,67,minimal,mildgain,2.6,4.0,4.0,139.9
832,49,male,196,65,medium,maintain,3.0,2.5,4.7,191.62
834,47,male,152,98,veryhigh,mildlose,3.1,3.4,4.9,238.4
835,22,male,163,90,medium,mildgain,3.1,4.5,3.7,232.57
836,21,male,194,79,no,weightgain,2.6,4.0,4.0,192.2
837,21,male,175,73,veryhigh,weightgain,3.1,3.4,4.9,302.01
838,57,female,160,81,no,mildlose,3.0,2.5,4.7,89.12
839,26,female,168,96,low,mildlose,3.1,2.2,4.5,169.06
840,58,female,162,92,veryhigh,weightgain,2.6,4.0,4.0,265.19
841,32,female,166,95,medium,mildgain,3.0,2.5,4.7,215.31
843,47,female,174,98,medium,extremelose,3.1,2.2,4.5,115.9
844,58,male,193,59,medium,weightgain,2.6,4.0,4.0,217.12
845,19,male,159,71,high,mildlose,3.1,3.4,4.9,202.7
846,23,female,159,98,no,mildgain,3.1,2.2,4.5,155.82
847,20,male,156,72,no,mildgain,3.1,2.2,4.5,148.0
849,35,female,162,51,veryhigh,maintain,2.6,4.0,4.0,180.35
850,45,male,196,85,minimal,extremegain,3.0,2.5,4.7,258.08
852,37,female,178,73,medium,weightgain,3.1,3.4,4.9,215.39
853,25,male,159,83,low,mildgain,3.1,3.4,4.9,207.38
854,60,male,168,73,medium,extremelose,3.1,2.2,4.5,94.04
856,45,male,195,82,low,mildgain,3.1,3.4,4.9,220.03
857,43,male,193,85,medium,weightgain,3.1,3.4,4.9,256.38
858,20,female,163,75,no,extremelose,3.1,3.4,4.9,40.62
859,41,female,164,95,no,maintain,3.1,4.5,3.7,128.72
860,40,male,157,72,no,extremelose,3.0,2.5,4.7,40.5
861,20,female,180,50,minimal,extremelose,3.1,4.5,3.7,50.94
862,43,female,172,99,low,mildgain,2.6,4.0,4.0,205.76
863,54,male,192,94,veryhigh,weightgain,2.6,4.0,4.0,325.0
865,41,female,177,82,no,extremelose,3.1,2.2,4.5,44.82
866,37,female,176,86,low,weightgain,3.1,4.5,3.7,217.51
868,20,female,200,74,high,mildlose,3.0,2.5,4.7,218.6
869,47,female,168,84,medium,maintain,3.1,2.2,4.5,175.1
870,31,male,186,52,high,maintain,3.1,2.2,4.5,211.49
871,23,male,179,100,low,weightgain,3.1,3.4,4.9,260.93
873,41,female,150,97,low,maintain,3.1,3.4,4.9,169.54
874,55,male,199,68,minimal,maintain,3.1,4.5,3.7,158.76
875,53,female,185,55,low,extremelose,2.6,4.0,4.0,60.8
876,31,female,157,55,no,maintain,3.1,2.2,4.5,97.22
877,39,male,157,88,no,extremegain,3.0,2.5,4.7,213.7
878,52,male,185,75,medium,extremegain,3.1,2.2,4.5,273.53
879,20,male,187,79,veryhigh,maintain,3.0,2.5,4.7,283.29
881,38,female,160,55,minimal,weightgain,2.6,4.0,4.0,155.1
882,45,female,199,100,veryhigh,extremelose,3.1,2.2,4.5,202.38
883,48,female,170,72,high,mildlose,3.0,2.5,4.7,170.65
884,27,male,171,85,medium,weightlose,3.1,3.4,4.9,169.64
885,46,male,182,65,high,maintain,3.0,2.5,4.7,215.62
886,28,male,193,75,no,extremelose,3.1,3.4,4.9,65.7
888,20,female,177,71,medium,weightlose,3.0,2.5,4.7,142.28
889,19,female,159,69,no,extremegain,3.1,4.5,3.7,194.22
890,38,female,176,64,high,weightlose,3.1,3.4,4.9,151.68
891,51,male,160,93,medium,mildlose,3.1,4.5,3.7,176.9
892,29,female,188,80,high,weightgain,3.0,2.5,4.7,270.32
893,51,female,194,74,high,weightgain,3.1,3.4,4.9,252.04
895,33,male,162,55,minimal,extremelose,3.1,3.4,4.9,54.64
896,38,male,168,72,medium,maintain,3.1,4.5,3.7,185.76
897,56,male,195,99,medium,extremegain,2.6,4.0,4.0,306.64
899,55,male,187,94,medium,extremelose,3.0,2.5,4.7,135.5
900,58,male,174,63,no,mildlose,3.1,3.4,4.9,94.6
901,18,male,183,70,medium,extremelose,2.6,4.0,4.0,126.13
902,53,male,174,57,low,extremelose,2.6,4.0,4.0,73.7
903,32,male,198,87,no,mildlose,3.1,2.2,4.5,136.2
904,31,male,152,71,high,extremelose,3.1,2.2,4.5,128.38
905,53,female,154,92,medium,extremelose,3.1,3.4,4.9,90.7
906,43,female,187,51,high,weightgain,3.1,3.4,4.9,219.78
908,21,male,187,96,minimal,maintain,3.1,4.5,3.7,194.76
909,40,male,152,76,no,mildgain,3.1,3.4,4.9,141.2
910,41,male,161,57,veryhigh,weightlose,3.0,2.5,4.7,169.19
911,42,male,164,68,low,mildlose,2.6,4.0,4.0,144.97
912,35,female,167,72,veryhigh,mildgain,3.1,3.4,4.9,237.02
913,35,female,176,93,minimal,extremelose,3.1,4.5,3.7,82.62
915,26,female,194,68,no,maintain,3.1,4.5,3.7,128.12
916,28,female,159,89,veryhigh,extremegain,3.1,2.2,4.5,320.58
918,42,male,193,85,high,maintain,3.1,2.2,4.5,255.47
919,24,female,170,55,low,extremegain,3.1,4.5,3.7,226.44
920,44,male,182,76,veryhigh,extremelose,3.1,2.2,4.5,175.74
921,56,female,177,72,medium,mildgain,3.0,2.5,4.7,182.35
922,28,male,160,95,high,mildgain,2.6,4.0,4.0,270.47
923,52,female,193,50,veryhigh,maintain,3.1,4.5,3.7,195.36
924,31,female,185,64,medium,extremelose,3.1,3.4,4.9,93.49
925,51,male,150,82,no,extremegain,3.1,2.2,4.5,200.6
928,45,male,190,63,medium,weightgain,3.1,2.2,4.5,227.23
929,25,male,169,83,minimal,weightlose,3.0,2.5,4.7,129.56
930,31,female,169,61,minimal,mildlose,2.6,4.0,4.0,109.62
931,57,male,191,66,medium,maintain,3.0,2.5,4.7,184.44
932,24,male,187,86,medium,extremelose,3.1,2.2,4.5,144.29
933,45,male,192,67,no,maintain,3.1,2.2,4.5,132.0
934,57,male,165,58,no,extremelose,3.1,3.4,4.9,26.5
935,33,female,185,84,low,extremelose,3.0,2.5,4.7,103.7
937,60,male,184,95,no,weightgain,3.1,2.2,4.5,184.4
938,32,female,196,74,veryhigh,extremelose,3.1,4.5,3.7,169.89
939,35,female,155,57,low,extremegain,3.1,3.4,4.9,212.28
941,43,male,164,91,high,maintain,2.6,4.0,4.0,238.05
942,37,male,171,97,medium,maintain,3.0,2.5,4.7,217.85
944,37,female,181,89,low,weightlose,3.1,4.5,3.7,144.25
945,48,male,192,99,minimal,maintain,3.1,2.2,4.5,187.68
947,54,female,193,92,low,mildgain,3.1,3.4,4.9,206.45
948,38,male,173,91,minimal,mildlose,3.1,3.4,4.9,153.4
949,53,female,193,84,medium,extremelose,3.1,3.4,4.9,109.89
950,53,male,180,54,medium,mildlose,3.1,3.4,4.9,144.67
951,46,male,167,51,veryhigh,mildlose,3.1,4.5,3.7,181.97
952,53,female,188,92,medium,mildlose,2.6,4.0,4.0,175.61
953,59,male,157,74,minimal,extremegain,2.6,4.0,4.0,217.4
955,24,male,161,98,no,weightgain,3.0,2.5,4.7,189.7
956,53,female,160,66,no,weightlose,2.6,4.0,4.0,58.72
957,40,male,151,58,low,weightgain,3.1,2.2,4.5,186.14
958,20,female,194,75,low,extremegain,3.0,2.5,4.7,267.14
959,55,male,168,83,high,extremelose,2.6,4.0,4.0,142.18
960,28,male,189,70,minimal,weightlose,3.1,3.4,4.9,127.64
961,29,female,174,79,veryhigh,extremelose,3.1,3.4,4.9,158.87
962,22,male,179,78,high,weightgain,3.0,2.5,4.7,287.54
963,32,male,172,90,low,mildlose,3.1,4.5,3.7,180.17
964,43,male,189,56,minimal,extremelose,3.1,2.2,4.5,67.0
965,49,male,177,51,low,mildgain,3.1,3.4,4.9,171.36
966,51,male,179,87,high,extremelose,3.0,2.5,4.7,159.95
967,48,female,192,71,medium,mildlose,3.1,4.5,3.7,156.85
968,38,male,187,65,veryhigh,maintain,3.1,3.4,4.9,248.33
969,18,male,180,91,medium,extremegain,3.1,3.4,4.9,308.54
970,57,male,166,83,high,weightgain,2.6,4.0,4.0,259.07
971,46,male,151,81,low,maintain,3.1,4.5,3.7,168.14
972,52,female,196,81,low,mildlose,3.1,2.2,4.5,157.51
973,60,male,176,62,no,extremelose,3.0,2.5,4.7,34.0
975,43,female,170,98,no,mildgain,3.1,2.2,4.5,153.32
976,39,female,172,67,high,mildlose,3.1,2.2,4.5,171.68
977,42,female,183,62,minimal,mildgain,3.1,4.5,3.7,153.7
978,31,male,177,72,low,weightgain,3.1,3.4,4.9,224.36
979,43,female,185,91,high,maintain,3.1,2.2,4.5,233.25
980,38,female,166,67,no,extremelose,3.1,4.5,3.7,28.52
981,34,male,156,84,low,weightgain,3.0,2.5,4.7,221.47
982,34,female,197,64,high,extremelose,3.1,2.2,4.5,132.55
983,49,male,188,87,veryhigh,extremelose,2.6,4.0,4.0,194.36
985,57,male,159,96,high,weightlose,3.1,2.2,4.5,190.98
986,26,female,193,92,medium,weightgain,2.6,4.0,4.0,255.09
987,28,male,160,66,high,extremelose,3.1,3.4,4.9,130.45
989,55,female,172,93,medium,mildlose,3.1,3.4,4.9,163.89
990,31,female,186,70,veryhigh,weightgain,2.6,4.0,4.0,275.07
992,29,female,157,72,high,maintain,2.6,4.0,4.0,192.54
993,24,female,164,53,minimal,weightlose,3.1,2.2,4.5,82.3
994,52,male,185,74,low,extremelose,3.1,3.4,4.9,100.51
996,18,female,182,55,minimal,extremelose,3.1,4.5,3.7,57.9
997,35,female,179,81,high,mildgain,2.6,4.0,4.0,239.8
998,32,female,166,63,medium,extremelose,3.1,3.4,4.9,77.81
999,59,female,195,86,veryhigh,extremegain,3.0,2.5,4.7,326.66
