,age,gender,height,weight,activitylevel,goal,protein,fats,carbohydrates,daily_dose
0,43,female,174,79,veryintense,weightgain,3.1,3.4,4.9,268.23
1,39,female,170,80,lowintense,extremelose,2.6,4.0,4.0,106.81
2,24,female,165,69,veryintense,extremelose,3.0,2.5,4.7,138.92
3,52,female,180,97,mild,weightgain,2.6,4.0,4.0,236.19
4,28,female,179,58,no,mildlose,2.6,4.0,4.0,91.82
5,56,female,172,72,sedentary,extremelose,3.0,2.5,4.7,49.98
6,41,female,156,79,veryintense,weightgain,3.0,2.5,4.7,252.65
7,27,female,159,80,no,mildgain,2.6,4.0,4.0,139.82
8,34,female,152,97,lowintense,weightgain,3.1,3.4,4.9,237.04
9,38,male,156,97,rare,weightgain,3.1,3.4,4.9,233.57
10,33,female,200,58,rare,weightgain,3.1,3.4,4.9,205.41
11,43,female,198,88,rare,weightlose,2.6,4.0,4.0,151.53
12,20,male,182,100,no,extremelose,3.1,3.4,4.9,83.40
13,19,male,167,73,lowintense,extremelose,3.1,2.2,4.5,128.78
14,25,male,162,91,lowintense,extremegain,2.6,4.0,4.0,303.51
15,53,male,150,93,no,mildgain,3.0,2.5,4.7,148.60
16,46,female,197,98,veryintense,extremelose,3.0,2.5,4.7,196.68
17,50,female,169,98,mild,extremegain,3.0,2.5,4.7,270.48
18,27,female,161,82,sedentary,maintain,2.6,4.0,4.0,146.90
19,22,female,171,91,veryintense,mildlose,3.0,2.5,4.7,239.58
20,45,female,167,72,no,mildlose,2.6,4.0,4.0,90.22
21,54,female,185,76,veryintense,weightlose,3.1,4.5,3.7,185.76
22,60,female,186,97,intense,extremegain,3.1,4.5,3.7,310.67
23,54,male,171,83,veryintense,mildlose,3.1,4.5,3.7,228.33
24,50,male,190,78,veryintense,weightlose,3.1,2.2,4.5,221.82
25,45,female,174,56,veryintense,mildlose,3.1,2.2,4.5,171.75
26,18,female,164,92,sedentary,mildlose,3.1,4.5,3.7,142.62
27,42,female,184,64,lowintense,weightgain,3.0,2.5,4.7,215.96
28,35,male,184,90,intense,mildlose,3.1,2.2,4.5,239.44
29,33,female,200,52,no,extremegain,3.1,2.2,4.5,195.52
30,49,male,189,66,rare,extremegain,3.1,2.2,4.5,256.11
31,41,male,167,96,intense,weightgain,3.1,2.2,4.5,288.92
32,40,male,159,69,rare,mildlose,3.1,2.2,4.5,143.74
33,42,female,152,62,lowintense,mildlose,2.6,4.0,4.0,128.68
34,46,male,156,54,veryintense,weightlose,3.1,3.4,4.9,156.08
35,42,female,183,78,mild,weightgain,3.1,4.5,3.7,221.98
36,41,female,196,52,sedentary,extremelose,3.1,4.5,3.7,52.38
37,30,female,173,83,rare,mildgain,3.1,4.5,3.7,196.00
38,24,male,179,95,rare,weightlose,3.1,2.2,4.5,174.88
39,52,male,176,96,lowintense,weightgain,2.6,4.0,4.0,263.82
40,34,female,188,78,veryintense,maintain,3.1,2.2,4.5,246.85
41,39,male,191,57,veryintense,mildlose,2.6,4.0,4.0,219.21
42,59,male,160,61,sedentary,mildlose,3.1,3.4,4.9,106.72
43,40,male,150,50,lowintense,mildgain,3.1,4.5,3.7,174.07
44,48,female,160,83,rare,extremelose,3.1,4.5,3.7,77.16
45,29,male,175,72,rare,extremegain,3.1,2.2,4.5,264.08
46,46,male,161,61,sedentary,weightlose,3.1,3.4,4.9,93.56
47,36,male,174,98,intense,mildlose,3.0,2.5,4.7,241.16
48,51,male,171,79,veryintense,extremelose,3.1,4.5,3.7,164.53
49,50,male,194,55,no,extremelose,3.0,2.5,4.7,41.40
50,43,male,195,51,sedentary,maintain,3.1,3.4,4.9,145.80
51,34,female,159,75,lowintense,weightgain,3.1,2.2,4.5,215.18
52,20,female,157,67,no,maintain,3.0,2.5,4.7,111.22
53,23,female,194,96,mild,mildgain,3.1,2.2,4.5,242.27
54,44,male,178,73,rare,extremegain,3.1,2.2,4.5,259.00
55,20,male,181,81,lowintense,mildgain,2.6,4.0,4.0,248.94
56,57,female,193,50,sedentary,weightlose,3.0,2.5,4.7,80.98
57,37,male,194,62,veryintense,mildgain,3.0,2.5,4.7,271.18
58,51,male,152,97,veryintense,weightlose,3.1,3.4,4.9,213.84
59,22,female,196,69,intense,weightgain,2.6,4.0,4.0,266.87
60,21,female,186,98,sedentary,weightgain,3.1,4.5,3.7,220.14
61,18,female,158,94,mild,mildlose,2.6,4.0,4.0,176.49
62,46,female,170,57,intense,mildgain,3.1,4.5,3.7,191.33
63,32,male,159,63,mild,weightlose,3.1,4.5,3.7,132.14
64,44,male,197,57,rare,weightgain,3.1,4.5,3.7,214.46
65,42,male,157,85,mild,mildlose,3.0,2.5,4.7,170.60
66,27,male,156,85,mild,maintain,3.1,3.4,4.9,198.65
67,18,female,196,89,intense,extremegain,3.0,2.5,4.7,337.23
68,39,male,175,58,mild,weightlose,3.0,2.5,4.7,133.90
69,25,male,184,92,rare,weightlose,3.1,4.5,3.7,174.47
70,59,male,187,89,rare,mildlose,3.1,3.4,4.9,174.53
71,40,male,167,95,no,maintain,3.1,4.5,3.7,143.90
72,36,male,154,64,rare,mildlose,3.1,4.5,3.7,137.00
73,44,female,166,69,intense,extremegain,3.1,4.5,3.7,265.82
74,18,female,156,59,lowintense,mildgain,3.1,3.4,4.9,182.94
75,41,male,168,94,mild,weightlose,3.1,2.2,4.5,169.79
76,36,male,174,94,no,extremegain,3.1,2.2,4.5,228.20
77,40,female,166,92,sedentary,weightgain,3.1,2.2,4.5,193.26
78,47,male,186,54,sedentary,extremelose,3.1,2.2,4.5,61.36
79,43,male,176,53,intense,weightlose,3.1,4.5,3.7,155.96
80,19,female,171,63,sedentary,mildgain,3.1,3.4,4.9,158.50
81,24,male,188,81,rare,weightlose,3.1,2.2,4.5,165.67
82,47,female,166,58,no,weightgain,3.1,3.4,4.9,137.72
83,21,female,196,52,intense,weightlose,3.1,2.2,4.5,164.10
84,60,male,192,92,sedentary,extremelose,3.0,2.5,4.7,95.20
85,37,male,177,88,veryintense,mildlose,3.0,2.5,4.7,254.55
86,56,male,187,82,rare,mildgain,3.1,4.5,3.7,208.48
87,23,male,161,91,no,weightlose,3.1,2.2,4.5,104.50
88,51,female,161,100,veryintense,extremegain,3.1,4.5,3.7,321.72
89,26,female,160,92,veryintense,extremelose,3.1,4.5,3.7,167.61
90,51,female,192,89,rare,extremelose,2.6,4.0,4.0,104.11
91,60,male,180,96,intense,mildlose,3.0,2.5,4.7,227.02
92,40,male,180,84,intense,mildlose,2.6,4.0,4.0,224.26
93,22,male,178,67,mild,extremelose,3.1,2.2,4.5,116.60
94,29,female,163,74,intense,extremelose,3.1,3.4,4.9,120.48
95,18,male,156,53,intense,mildlose,3.1,3.4,4.9,175.96
96,48,female,171,51,lowintense,weightlose,3.1,4.5,3.7,106.04
97,32,female,173,73,sedentary,extremegain,3.1,2.2,4.5,223.06
98,27,male,163,91,intense,maintain,3.1,4.5,3.7,248.23
99,49,female,159,54,sedentary,weightlose,3.1,2.2,4.5,68.26
100,51,male,165,59,mild,weightlose,3.1,2.2,4.5,120.71
101,46,male,176,60,mild,extremelose,3.1,4.5,3.7,92.87
102,48,female,178,70,mild,maintain,3.1,3.4,4.9,165.43
103,18,female,153,96,no,mildgain,3.1,4.5,3.7,153.22
104,54,male,155,64,mild,extremegain,3.1,3.4,4.9,237.49
105,22,female,160,96,intense,extremelose,3.1,3.4,4.9,153.08
106,53,female,197,50,intense,mildlose,3.0,2.5,4.7,160.12
107,58,female,172,86,mild,extremegain,3.1,3.4,4.9,253.92
108,34,male,184,73,intense,mildlose,3.1,4.5,3.7,216.67
109,54,female,165,68,intense,mildgain,3.1,4.5,3.7,196.67
110,50,male,175,64,lowintense,extremelose,3.1,2.2,4.5,104.61
111,49,female,158,95,sedentary,mildlose,3.0,2.5,4.7,127.02
112,55,male,161,100,veryintense,weightlose,3.1,2.2,4.5,223.91
113,24,female,185,76,intense,weightlose,3.1,3.4,4.9,185.66
114,26,female,193,67,intense,extremegain,3.1,3.4,4.9,298.76
115,40,male,198,96,sedentary,weightgain,2.6,4.0,4.0,232.24
116,52,female,166,68,no,maintain,3.1,3.4,4.9,103.72
117,60,female,194,87,sedentary,extremelose,3.0,2.5,4.7,75.66
118,39,female,150,75,intense,weightgain,2.6,4.0,4.0,223.75
119,33,female,176,72,intense,mildlose,2.6,4.0,4.0,186.17
120,33,male,177,57,mild,weightlose,3.1,4.5,3.7,137.70
121,21,male,170,78,lowintense,mildgain,3.0,2.5,4.7,236.07
122,59,male,159,53,veryintense,mildgain,3.0,2.5,4.7,207.53
123,38,male,161,76,veryintense,weightgain,3.1,3.4,4.9,280.35
124,19,male,188,68,veryintense,mildlose,3.1,4.5,3.7,248.28
125,51,female,187,91,veryintense,mildlose,3.0,2.5,4.7,232.74
126,53,female,172,97,rare,extremelose,3.1,2.2,4.5,98.06
127,49,female,190,99,rare,extremelose,3.1,4.5,3.7,114.83
128,39,female,197,58,rare,mildlose,3.0,2.5,4.7,140.05
129,52,male,193,51,veryintense,extremegain,3.0,2.5,4.7,302.11
130,38,male,184,91,mild,weightlose,2.6,4.0,4.0,179.75
131,24,female,154,53,lowintense,maintain,2.6,4.0,4.0,150.23
132,27,female,199,57,no,mildgain,3.0,2.5,4.7,141.42
133,33,male,163,67,no,mildlose,3.0,2.5,4.7,102.30
134,60,female,191,84,lowintense,extremelose,3.0,2.5,4.7,115.02
135,25,female,195,77,intense,mildlose,3.1,3.4,4.9,214.98
136,60,male,189,99,no,mildgain,3.1,3.4,4.9,170.10
137,19,male,173,97,no,weightgain,3.1,2.2,4.5,196.90
138,30,female,164,87,rare,weightgain,3.0,2.5,4.7,214.21
139,25,male,152,94,intense,mildgain,2.6,4.0,4.0,264.26
140,47,male,188,62,lowintense,mildlose,2.6,4.0,4.0,174.06
141,39,male,189,64,intense,extremelose,3.0,2.5,4.7,145.11
142,54,male,188,94,intense,mildlose,3.1,4.5,3.7,235.30
143,35,male,195,81,sedentary,maintain,3.1,2.2,4.5,178.44
144,24,male,158,84,veryintense,weightgain,3.0,2.5,4.7,300.30
145,38,male,158,52,veryintense,mildgain,2.6,4.0,4.0,221.02
146,37,male,151,55,rare,maintain,3.0,2.5,4.7,144.49
147,39,male,189,86,mild,mildlose,3.1,3.4,4.9,196.97
148,34,male,174,79,veryintense,maintain,3.1,2.2,4.5,260.30
149,58,male,196,90,sedentary,mildgain,3.0,2.5,4.7,196.64
150,28,male,155,67,sedentary,maintain,3.1,2.2,4.5,144.36
151,42,female,189,78,no,weightgain,3.1,4.5,3.7,167.22
152,48,female,195,95,intense,weightlose,3.1,2.2,4.5,203.95
153,39,male,156,81,mild,maintain,3.1,3.4,4.9,186.93
154,18,female,172,87,mild,extremegain,2.6,4.0,4.0,278.54
155,26,female,180,76,lowintense,extremegain,3.1,3.4,4.9,277.66
156,59,male,176,58,sedentary,mildlose,3.1,4.5,3.7,113.44
157,57,female,183,87,intense,weightgain,3.1,3.4,4.9,256.35
158,47,male,162,73,mild,mildlose,3.0,2.5,4.7,157.27
159,29,female,182,98,veryintense,extremegain,3.1,4.5,3.7,355.35
160,49,female,160,98,lowintense,weightlose,3.0,2.5,4.7,155.18
161,53,male,192,62,intense,mildgain,2.6,4.0,4.0,235.28
162,57,male,193,71,lowintense,extremelose,3.1,3.4,4.9,122.89
163,34,male,177,62,no,maintain,3.1,2.2,4.5,124.90
164,49,female,169,97,rare,mildlose,3.1,3.4,4.9,158.20
165,49,female,159,100,mild,mildlose,3.0,2.5,4.7,166.08
166,42,female,193,59,veryintense,weightlose,3.0,2.5,4.7,176.64
167,26,female,157,56,sedentary,maintain,3.1,3.4,4.9,120.02
168,49,female,174,69,lowintense,mildlose,2.6,4.0,4.0,150.07
169,27,female,178,95,lowintense,mildgain,3.1,3.4,4.9,239.05
170,60,male,160,95,no,mildgain,3.0,2.5,4.7,152.40
171,59,female,167,53,sedentary,weightgain,2.6,4.0,4.0,147.30
172,57,female,175,56,rare,weightlose,3.1,3.4,4.9,92.83
173,60,male,151,53,no,extremegain,3.0,2.5,4.7,174.30
174,27,female,194,87,lowintense,extremegain,3.1,2.2,4.5,301.53
175,53,male,153,54,veryintense,extremelose,2.6,4.0,4.0,107.91
176,54,female,200,72,rare,mildgain,3.0,2.5,4.7,189.26
177,39,female,169,81,veryintense,mildlose,3.1,3.4,4.9,209.56
178,28,female,191,55,sedentary,extremelose,3.1,4.5,3.7,58.50
179,41,male,155,79,lowintense,maintain,3.0,2.5,4.7,193.28
180,24,male,177,52,rare,maintain,3.1,2.2,4.5,166.21
181,55,male,180,94,mild,extremegain,3.1,2.2,4.5,290.37
182,51,male,177,50,lowintense,mildlose,3.1,4.5,3.7,148.18
183,20,male,151,99,rare,extremelose,3.1,3.4,4.9,122.23
184,60,female,172,96,veryintense,extremelose,3.1,3.4,4.9,159.25
185,24,female,154,69,lowintense,weightgain,3.1,4.5,3.7,210.07
186,25,female,150,88,lowintense,mildgain,3.1,2.2,4.5,209.91
187,49,female,166,53,no,weightlose,2.6,4.0,4.0,52.92
188,29,male,165,83,no,mildlose,3.0,2.5,4.7,117.70
189,33,female,187,95,mild,extremelose,3.1,4.5,3.7,130.11
190,21,female,171,91,mild,weightgain,3.1,2.2,4.5,240.73
191,33,male,165,92,sedentary,weightgain,3.1,3.4,4.9,211.96
192,24,female,175,60,mild,weightgain,3.1,4.5,3.7,205.57
193,49,male,163,100,no,weightgain,3.1,4.5,3.7,182.30
194,22,female,163,52,veryintense,extremegain,3.1,4.5,3.7,272.70
195,41,female,171,83,intense,weightgain,3.0,2.5,4.7,251.52
196,59,female,190,78,no,weightgain,3.1,4.5,3.7,160.92
197,56,male,153,59,no,mildlose,3.1,4.5,3.7,81.70
198,42,female,156,77,rare,mildlose,3.0,2.5,4.7,131.12
199,25,male,192,70,sedentary,weightgain,3.1,4.5,3.7,210.88
200,53,female,187,65,sedentary,maintain,3.1,3.4,4.9,133.70
201,26,female,162,91,sedentary,extremelose,3.1,4.5,3.7,76.62
202,21,male,200,54,mild,extremegain,3.1,3.4,4.9,278.07
203,45,female,151,83,no,weightlose,3.0,2.5,4.7,71.02
204,18,female,178,88,mild,mildgain,3.0,2.5,4.7,224.10
205,56,male,152,63,veryintense,extremelose,2.6,4.0,4.0,118.36
206,48,female,198,82,rare,maintain,3.1,3.4,4.9,182.19
207,58,female,153,56,mild,weightlose,3.1,3.4,4.9,84.85
208,25,female,177,72,mild,weightgain,3.1,2.2,4.5,220.52
209,59,female,171,91,no,extremelose,3.0,2.5,4.7,41.82
210,56,male,158,77,rare,weightlose,3.1,4.5,3.7,123.05
211,44,male,160,88,mild,mildgain,3.1,3.4,4.9,215.14
212,34,male,168,90,rare,weightgain,2.6,4.0,4.0,236.32
213,32,male,193,78,mild,weightgain,2.6,4.0,4.0,254.62
214,52,male,190,72,veryintense,weightgain,3.1,3.4,4.9,291.18
215,34,female,157,95,no,weightlose,3.1,4.5,3.7,88.02
216,24,female,157,84,intense,weightlose,3.1,3.4,4.9,172.55
217,53,male,197,91,no,maintain,3.1,3.4,4.9,150.50
218,47,female,178,61,veryintense,mildgain,2.6,4.0,4.0,221.63
219,53,male,155,99,rare,weightgain,3.1,2.2,4.5,226.83
220,42,male,164,89,intense,extremegain,3.0,2.5,4.7,315.98
221,29,male,180,64,lowintense,maintain,2.6,4.0,4.0,201.50
222,56,female,160,51,mild,weightlose,3.1,3.4,4.9,85.29
223,37,male,182,87,sedentary,mildlose,3.1,4.5,3.7,155.44
224,39,female,163,74,sedentary,weightgain,3.0,2.5,4.7,174.66
225,54,female,174,54,intense,mildlose,2.6,4.0,4.0,145.12
226,19,male,193,64,mild,mildlose,2.6,4.0,4.0,185.83
227,37,male,153,84,no,maintain,3.1,4.5,3.7,129.30
228,20,female,171,60,sedentary,extremelose,2.6,4.0,4.0,55.14
229,49,male,185,75,rare,extremegain,3.1,3.4,4.9,263.26
230,23,female,162,83,lowintense,mildlose,3.1,2.2,4.5,174.25
231,36,female,153,91,intense,weightlose,3.0,2.5,4.7,170.48
232,30,male,170,81,lowintense,extremegain,3.1,2.2,4.5,294.21
233,47,female,179,60,sedentary,extremegain,3.1,4.5,3.7,206.98
234,56,male,187,95,sedentary,extremegain,2.6,4.0,4.0,257.00
235,25,male,158,61,veryintense,maintain,2.6,4.0,4.0,224.58
236,55,male,177,91,mild,weightlose,3.1,2.2,4.5,164.66
237,24,female,171,54,veryintense,extremelose,3.1,2.2,4.5,121.82
238,34,female,158,56,mild,weightlose,2.6,4.0,4.0,102.57
239,60,female,182,82,no,weightlose,3.1,4.5,3.7,79.72
240,34,female,192,96,sedentary,weightgain,3.0,2.5,4.7,215.58
241,46,female,165,79,mild,mildgain,3.1,4.5,3.7,187.63
242,52,male,153,69,sedentary,maintain,3.0,2.5,4.7,133.56
243,55,female,192,70,lowintense,extremelose,3.1,4.5,3.7,101.54
244,46,male,172,97,no,maintain,3.1,3.4,4.9,145.60
245,60,female,196,58,mild,mildgain,3.1,3.4,4.9,177.52
246,32,female,182,51,sedentary,extremelose,2.6,4.0,4.0,47.34
247,28,male,150,84,mild,maintain,3.0,2.5,4.7,192.50
248,59,female,169,60,veryintense,maintain,2.6,4.0,4.0,182.44
249,41,male,189,54,mild,mildgain,3.0,2.5,4.7,198.29
250,22,male,186,70,intense,weightlose,3.1,2.2,4.5,202.53
251,30,male,173,78,mild,weightgain,3.0,2.5,4.7,241.14
252,52,male,168,79,no,extremegain,3.1,4.5,3.7,206.80
253,25,female,156,75,no,extremegain,2.6,4.0,4.0,195.12
254,28,female,190,91,lowintense,mildlose,3.0,2.5,4.7,202.77
255,20,female,175,81,veryintense,mildlose,3.1,2.2,4.5,229.70
256,54,male,177,81,sedentary,mildgain,3.0,2.5,4.7,178.52
257,40,female,162,93,rare,weightgain,3.0,2.5,4.7,213.94
258,48,female,154,81,no,weightlose,3.1,3.4,4.9,69.72
259,32,female,193,89,veryintense,extremelose,3.1,4.5,3.7,189.84
260,55,male,178,58,no,extremelose,3.1,4.5,3.7,33.80
261,46,female,162,56,veryintense,extremegain,3.1,2.2,4.5,259.59
262,28,male,188,74,intense,mildgain,3.1,3.4,4.9,265.64
263,32,female,185,59,lowintense,weightlose,3.1,4.5,3.7,136.73
264,25,female,155,98,lowintense,extremelose,3.1,2.2,4.5,126.18
265,49,female,161,78,mild,extremegain,2.6,4.0,4.0,241.77
266,29,male,169,66,intense,extremelose,3.1,4.5,3.7,137.52
267,49,male,190,81,mild,weightgain,2.6,4.0,4.0,245.98
268,28,male,155,80,veryintense,extremelose,2.6,4.0,4.0,168.33
269,45,female,173,73,veryintense,mildgain,3.1,4.5,3.7,236.64
270,50,female,194,89,no,maintain,2.6,4.0,4.0,135.32
271,20,female,175,74,veryintense,mildlose,3.0,2.5,4.7,219.06
272,30,female,191,87,rare,extremegain,3.0,2.5,4.7,272.77
273,24,male,183,50,rare,extremegain,3.1,3.4,4.9,248.14
274,19,female,197,96,veryintense,extremelose,2.6,4.0,4.0,214.16
275,48,male,155,94,no,mildlose,3.1,3.4,4.9,113.90
276,19,female,191,94,intense,weightlose,2.6,4.0,4.0,219.13
277,26,female,174,51,no,mildgain,3.0,2.5,4.7,124.52
278,49,male,189,85,no,maintain,3.1,3.4,4.9,143.30
279,54,male,183,61,mild,mildgain,3.1,4.5,3.7,194.48
280,40,female,184,62,no,mildlose,3.0,2.5,4.7,92.72
281,59,male,151,74,sedentary,mildlose,3.1,3.4,4.9,113.80
282,42,female,177,88,lowintense,extremegain,3.1,4.5,3.7,280.29
283,44,female,188,77,intense,extremelose,3.1,4.5,3.7,135.83
284,47,female,170,53,no,extremelose,3.1,3.4,4.9,15.72
285,56,male,199,100,rare,mildgain,3.1,3.4,4.9,236.53
286,28,male,186,77,mild,mildlose,2.6,4.0,4.0,190.67
287,44,female,170,62,sedentary,extremelose,3.1,2.2,4.5,44.94
288,40,female,162,55,rare,mildlose,3.1,4.5,3.7,112.14
289,27,female,154,69,intense,maintain,3.1,2.2,4.5,187.20
290,56,female,172,68,lowintense,weightgain,3.1,3.4,4.9,202.94
291,40,male,172,78,veryintense,mildlose,2.6,4.0,4.0,232.32
292,19,male,165,65,sedentary,mildgain,3.1,3.4,4.9,172.76
293,54,male,173,51,intense,weightlose,2.6,4.0,4.0,143.02
294,27,male,198,74,lowintense,weightgain,3.0,2.5,4.7,269.09
295,47,male,163,54,no,weightgain,3.1,2.2,4.5,146.30
296,18,male,164,88,lowintense,mildlose,3.0,2.5,4.7,205.68
297,49,male,176,55,rare,mildlose,3.1,3.4,4.9,135.08
298,56,female,186,91,intense,weightgain,3.1,2.2,4.5,265.15
299,21,male,158,80,mild,extremegain,2.6,4.0,4.0,277.78
300,31,female,180,86,lowintense,weightgain,3.1,2.2,4.5,246.96
301,28,female,195,66,rare,extremegain,3.1,4.5,3.7,253.52
302,37,male,166,84,rare,extremegain,3.1,2.2,4.5,266.70
303,22,male,153,99,mild,maintain,3.1,4.5,3.7,215.79
304,43,male,185,86,lowintense,weightlose,3.0,2.5,4.7,183.97
305,31,male,153,60,veryintense,extremegain,3.1,3.4,4.9,293.75
306,51,male,198,79,intense,extremegain,3.1,3.4,4.9,325.30
307,60,female,167,53,rare,maintain,3.1,3.4,4.9,122.38
308,33,male,150,77,no,weightgain,3.1,3.4,4.9,163.80
309,43,female,196,100,intense,mildgain,3.1,2.2,4.5,275.16
310,26,male,184,72,lowintense,weightlose,3.1,2.2,4.5,176.38
311,27,male,187,100,rare,extremelose,3.1,2.2,4.5,144.23
312,58,male,194,63,rare,extremegain,2.6,4.0,4.0,251.30
313,24,male,167,52,sedentary,maintain,2.6,4.0,4.0,139.08
314,41,male,187,74,lowintense,weightgain,3.1,3.4,4.9,251.89
315,58,female,184,63,no,extremelose,3.1,3.4,4.9,26.32
316,59,male,171,57,no,mildlose,2.6,4.0,4.0,87.90
317,41,male,164,66,mild,weightlose,3.1,3.4,4.9,134.04
318,52,male,171,99,lowintense,extremelose,3.0,2.5,4.7,143.66
319,24,male,198,52,mild,mildgain,3.1,4.5,3.7,212.50
320,37,male,185,97,lowintense,mildgain,2.6,4.0,4.0,261.33
321,51,female,196,64,veryintense,maintain,2.6,4.0,4.0,220.25
322,19,female,172,92,veryintense,maintain,3.0,2.5,4.7,264.33
323,60,male,191,52,no,weightgain,3.1,3.4,4.9,153.50
324,38,female,190,54,mild,maintain,2.6,4.0,4.0,161.33
325,19,female,194,98,rare,extremelose,3.1,2.2,4.5,132.98
326,19,male,194,75,mild,weightgain,3.1,4.5,3.7,259.46
327,55,male,152,58,intense,weightgain,3.0,2.5,4.7,213.88
328,58,male,194,54,rare,maintain,3.1,2.2,4.5,161.40
329,44,female,193,81,rare,extremegain,3.0,2.5,4.7,259.85
330,40,male,178,60,mild,mildlose,3.1,4.5,3.7,157.85
331,38,male,199,77,lowintense,mildlose,3.1,3.4,4.9,206.77
332,25,female,160,67,mild,weightlose,3.1,2.2,4.5,122.20
333,23,female,169,92,intense,weightgain,3.1,2.2,4.5,274.63
334,37,female,150,96,no,extremelose,3.1,3.4,4.9,44.12
335,46,male,166,96,mild,extremegain,3.1,4.5,3.7,287.74
336,19,female,183,84,no,mildlose,2.6,4.0,4.0,118.22
337,30,male,150,54,veryintense,weightgain,3.1,2.2,4.5,242.54
338,37,male,194,72,no,extremegain,3.1,4.5,3.7,220.20
339,20,male,191,72,no,extremelose,3.1,4.5,3.7,65.50
340,56,male,198,86,rare,maintain,3.0,2.5,4.7,200.44
341,54,male,167,96,sedentary,mildlose,3.0,2.5,4.7,146.92
342,24,female,185,89,mild,extremelose,3.1,4.5,3.7,126.89
343,38,female,150,68,lowintense,mildlose,3.1,3.4,4.9,137.05
344,50,female,181,63,rare,mildlose,2.6,4.0,4.0,128.50
345,19,female,152,59,lowintense,extremelose,3.1,4.5,3.7,79.22
346,50,female,191,81,lowintense,weightgain,3.1,4.5,3.7,237.50
347,19,female,173,88,intense,extremegain,3.1,4.5,3.7,315.32
348,26,female,152,68,veryintense,extremelose,2.6,4.0,4.0,123.53
349,21,female,171,89,lowintense,extremegain,3.1,3.4,4.9,289.90
350,37,female,173,94,sedentary,maintain,3.1,3.4,4.9,160.82
351,54,male,161,52,sedentary,weightgain,3.1,3.4,4.9,161.08
352,52,male,158,91,mild,extremegain,3.1,4.5,3.7,272.50
353,25,male,187,83,rare,weightgain,3.1,2.2,4.5,246.63
354,58,male,163,79,rare,mildlose,2.6,4.0,4.0,147.59
355,33,male,192,94,rare,extremegain,3.1,4.5,3.7,297.77
356,25,female,185,50,lowintense,weightgain,3.0,2.5,4.7,209.91
357,29,male,158,79,mild,mildgain,3.0,2.5,4.7,211.91
358,44,female,159,60,rare,maintain,2.6,4.0,4.0,133.38
359,45,female,183,53,veryintense,mildlose,3.1,3.4,4.9,175.74
360,31,male,163,64,sedentary,extremelose,3.1,4.5,3.7,64.84
361,40,female,152,72,veryintense,extremegain,2.6,4.0,4.0,278.97
362,19,male,161,64,no,weightgain,3.1,2.2,4.5,164.50
363,59,male,192,83,mild,weightlose,2.6,4.0,4.0,163.93
364,45,female,175,95,no,maintain,3.1,4.5,3.7,132.62
365,47,male,153,83,rare,mildgain,3.1,4.5,3.7,191.16
366,41,male,171,68,lowintense,weightgain,2.6,4.0,4.0,232.05
367,36,male,173,65,no,mildgain,3.1,2.2,4.5,144.50
368,29,male,193,85,veryintense,maintain,3.1,3.4,4.9,291.27
369,19,male,184,64,rare,extremegain,3.1,2.2,4.5,266.97
370,30,male,182,80,sedentary,maintain,2.6,4.0,4.0,172.08
371,19,male,184,100,lowintense,extremegain,3.1,2.2,4.5,335.44
372,44,male,196,75,rare,weightgain,3.1,4.5,3.7,233.57
373,43,female,182,86,intense,weightgain,3.0,2.5,4.7,263.77
374,24,female,193,50,rare,mildgain,2.6,4.0,4.0,176.75
375,54,female,166,98,veryintense,extremegain,3.1,4.5,3.7,321.15
376,41,male,156,97,rare,extremelose,3.1,2.2,4.5,111.92
377,30,male,154,87,rare,maintain,3.1,2.2,4.5,185.60
378,37,female,150,57,rare,maintain,3.1,4.5,3.7,127.74
379,31,female,187,77,sedentary,extremegain,3.1,2.2,4.5,235.78
380,33,female,190,51,sedentary,weightgain,3.1,2.2,4.5,171.66
381,32,male,156,98,rare,maintain,3.1,3.4,4.9,197.97
382,58,male,182,84,sedentary,mildlose,3.0,2.5,4.7,142.48
383,60,female,198,78,intense,weightlose,3.0,2.5,4.7,174.80
384,24,female,156,87,intense,extremelose,3.1,3.4,4.9,135.83
385,43,male,187,89,rare,weightlose,3.1,3.4,4.9,163.33
386,51,female,152,99,mild,extremegain,3.1,3.4,4.9,258.61
387,18,male,170,71,intense,extremelose,3.1,2.2,4.5,152.88
388,35,male,197,90,mild,weightgain,3.1,4.5,3.7,269.86
389,26,male,197,58,no,mildgain,2.6,4.0,4.0,154.90
390,37,male,168,75,lowintense,weightlose,2.6,4.0,4.0,160.88
391,43,male,189,87,rare,extremelose,3.1,2.2,4.5,122.51
392,49,male,167,78,veryintense,maintain,3.1,2.2,4.5,240.73
393,56,male,200,91,no,maintain,2.6,4.0,4.0,150.80
394,55,male,193,100,lowintense,mildlose,2.6,4.0,4.0,220.09
395,18,female,151,100,no,extremelose,3.1,2.2,4.5,55.42
396,29,female,200,57,no,extremelose,3.1,4.5,3.7,41.12
397,58,male,193,71,veryintense,mildlose,3.1,2.2,4.5,227.95
398,40,male,198,97,mild,mildlose,3.1,2.2,4.5,215.87
399,59,male,165,89,sedentary,maintain,3.1,2.2,4.5,156.60
400,33,male,173,92,rare,weightlose,3.1,4.5,3.7,162.51
401,45,female,152,66,no,weightlose,2.6,4.0,4.0,57.92
402,27,female,165,54,mild,extremegain,3.1,2.2,4.5,229.46
403,29,female,152,56,sedentary,weightgain,3.0,2.5,4.7,155.58
404,45,male,170,82,no,extremelose,3.1,3.4,4.9,53.00
405,51,male,182,50,rare,extremelose,3.0,2.5,4.7,72.60
406,38,male,194,54,rare,mildgain,3.1,2.2,4.5,192.40
407,28,female,151,89,mild,mildlose,3.0,2.5,4.7,159.64
408,18,male,160,81,veryintense,weightgain,3.1,3.4,4.9,302.20
409,32,male,194,83,lowintense,weightlose,3.1,4.5,3.7,194.05
410,31,female,193,66,sedentary,weightlose,3.1,3.4,4.9,108.82
411,42,female,186,50,mild,weightgain,3.1,3.4,4.9,191.36
412,32,male,182,97,veryintense,extremegain,3.1,3.4,4.9,376.78
413,46,female,166,81,lowintense,weightlose,3.1,2.2,4.5,140.61
414,22,female,150,64,rare,extremegain,3.1,4.5,3.7,223.69
415,39,female,155,100,mild,extremegain,3.0,2.5,4.7,269.01
416,25,male,182,97,intense,mildgain,3.1,3.4,4.9,294.28
417,51,male,187,64,rare,maintain,3.0,2.5,4.7,171.44
418,60,female,153,73,lowintense,weightgain,3.1,2.2,4.5,191.93
419,24,female,188,83,veryintense,extremegain,3.1,3.4,4.9,342.05
420,27,female,170,99,intense,extremegain,3.0,2.5,4.7,322.40
421,24,female,173,63,sedentary,mildlose,3.1,3.4,4.9,117.30
422,42,male,165,65,intense,weightgain,3.0,2.5,4.7,243.72
423,33,male,151,54,no,mildlose,3.1,2.2,4.5,85.90
424,30,male,174,78,veryintense,mildgain,3.0,2.5,4.7,281.82
425,43,male,193,94,sedentary,weightlose,3.1,3.4,4.9,145.88
426,21,female,178,68,rare,mildlose,3.1,3.4,4.9,147.89
427,31,male,156,86,rare,extremelose,3.1,4.5,3.7,105.32
428,46,female,188,82,lowintense,mildlose,3.0,2.5,4.7,178.90
429,54,male,178,61,rare,weightlose,3.1,3.4,4.9,120.30
430,32,female,179,71,rare,mildlose,3.0,2.5,4.7,145.83
431,58,male,151,86,no,extremegain,3.1,3.4,4.9,201.50
432,34,female,151,100,veryintense,mildgain,3.1,3.4,4.9,265.14
433,50,female,174,99,mild,mildlose,2.6,4.0,4.0,175.31
434,37,male,173,92,veryintense,weightgain,3.1,3.4,4.9,316.83
435,33,male,197,76,veryintense,weightlose,3.1,3.4,4.9,238.35
436,42,male,165,68,rare,maintain,3.1,3.4,4.9,165.66
437,48,female,165,75,lowintense,weightlose,3.1,4.5,3.7,131.15
438,29,male,163,55,mild,maintain,3.1,2.2,4.5,167.45
439,41,male,196,67,no,mildlose,3.0,2.5,4.7,115.60
440,41,female,178,64,veryintense,extremelose,3.1,2.2,4.5,130.75
441,20,male,173,85,no,mildlose,2.6,4.0,4.0,126.90
442,19,female,174,65,intense,mildlose,2.6,4.0,4.0,184.45
443,38,female,153,56,intense,weightlose,3.1,4.5,3.7,120.80
444,45,male,156,56,lowintense,extremegain,3.1,4.5,3.7,243.06
445,37,female,155,91,lowintense,mildgain,3.0,2.5,4.7,210.06
446,24,female,164,82,sedentary,extremelose,2.6,4.0,4.0,70.14
447,46,female,152,52,veryintense,mildlose,3.1,3.4,4.9,144.01
448,51,female,195,90,sedentary,extremegain,3.1,4.5,3.7,243.46
449,29,male,170,81,intense,mildgain,3.1,3.4,4.9,259.08
450,41,male,162,74,veryintense,extremelose,2.6,4.0,4.0,155.98
451,55,male,191,98,rare,maintain,3.1,3.4,4.9,209.38
452,58,female,172,71,rare,maintain,3.1,4.5,3.7,146.72
453,36,female,151,51,no,extremegain,2.6,4.0,4.0,169.02
454,52,male,195,80,veryintense,weightlose,3.1,3.4,4.9,228.09
455,31,male,173,56,no,maintain,3.1,2.2,4.5,119.30
456,33,female,185,83,no,extremegain,3.1,4.5,3.7,212.82
457,56,male,165,82,mild,extremegain,3.0,2.5,4.7,264.74
458,32,male,174,64,sedentary,maintain,3.1,3.4,4.9,150.96
459,35,female,178,58,lowintense,weightlose,3.1,2.2,4.5,128.21
460,33,male,169,68,mild,weightlose,3.1,4.5,3.7,144.74
461,47,male,161,99,rare,mildgain,3.1,3.4,4.9,214.26
462,42,male,157,72,intense,maintain,2.6,4.0,4.0,206.48
463,20,male,158,74,rare,mildlose,3.1,4.5,3.7,159.55
464,52,female,153,93,veryintense,mildlose,3.1,2.2,4.5,202.72
465,47,male,185,83,rare,extremegain,3.0,2.5,4.7,273.16
466,44,female,153,55,sedentary,mildgain,3.1,3.4,4.9,128.02
467,29,female,160,67,intense,mildlose,2.6,4.0,4.0,168.23
468,54,female,191,58,rare,mildgain,3.1,4.5,3.7,167.68
469,22,female,200,58,mild,extremelose,2.6,4.0,4.0,102.71
470,24,female,174,97,no,extremelose,3.1,4.5,3.7,62.12
471,27,male,168,51,veryintense,weightgain,3.1,2.2,4.5,257.36
472,19,male,165,96,no,weightgain,3.1,3.4,4.9,192.10
473,25,male,174,64,mild,mildlose,2.6,4.0,4.0,168.40
474,18,male,163,81,no,mildgain,2.6,4.0,4.0,159.50
475,55,male,196,55,mild,weightlose,2.6,4.0,4.0,136.39
476,43,female,174,60,intense,weightlose,3.0,2.5,4.7,140.99
477,18,male,152,53,intense,extremelose,3.0,2.5,4.7,112.51
478,47,female,150,87,rare,extremegain,3.1,4.5,3.7,235.24
479,40,female,151,52,mild,weightlose,3.0,2.5,4.7,89.24
480,36,female,156,89,mild,weightgain,3.1,2.2,4.5,218.61
481,56,female,178,78,sedentary,maintain,3.1,4.5,3.7,139.34
482,53,female,165,92,rare,weightlose,3.0,2.5,4.7,127.75
483,57,female,155,66,mild,extremelose,3.1,4.5,3.7,58.62
484,30,female,178,84,veryintense,mildlose,3.1,4.5,3.7,229.51
485,49,male,184,65,sedentary,maintain,3.0,2.5,4.7,149.76
486,55,male,180,72,sedentary,extremelose,3.0,2.5,4.7,71.20
487,35,male,182,97,mild,maintain,2.6,4.0,4.0,227.08
488,60,male,196,63,rare,mildlose,3.0,2.5,4.7,151.57
489,24,female,196,51,rare,extremegain,2.6,4.0,4.0,239.91
490,42,female,163,53,lowintense,weightlose,3.1,3.4,4.9,106.04
491,36,female,181,67,no,extremegain,3.1,3.4,4.9,196.82
492,45,female,156,96,sedentary,maintain,3.1,3.4,4.9,148.70
493,59,male,161,77,rare,mildgain,2.6,4.0,4.0,183.46
494,33,male,178,81,no,maintain,3.1,4.5,3.7,141.00
495,54,male,175,91,rare,mildgain,3.1,4.5,3.7,211.23
496,53,male,194,53,lowintense,extremegain,3.0,2.5,4.7,263.83
497,22,male,165,71,sedentary,weightlose,3.0,2.5,4.7,117.08
498,39,female,192,76,mild,weightgain,3.1,2.2,4.5,227.99
499,32,female,177,80,rare,weightgain,3.1,2.2,4.5,214.35
500,32,male,200,86,intense,extremegain,2.6,4.0,4.0,349.79
501,42,female,189,99,no,mildlose,3.1,2.2,4.5,124.02
502,21,male,179,97,veryintense,maintain,3.1,2.2,4.5,302.29
503,45,male,178,81,lowintense,maintain,3.0,2.5,4.7,211.11
504,26,male,158,80,veryintense,mildlose,3.0,2.5,4.7,232.70
505,39,female,158,55,intense,maintain,3.0,2.5,4.7,163.05
506,39,female,170,70,no,weightgain,2.6,4.0,4.0,152.52
507,50,female,192,97,no,maintain,3.1,3.4,4.9,140.72
508,27,female,177,87,intense,extremegain,3.1,4.5,3.7,311.87
509,55,female,170,66,rare,mildgain,3.1,4.5,3.7,161.49
510,40,female,191,70,veryintense,mildgain,3.1,2.2,4.5,252.98
511,44,female,168,50,rare,maintain,3.0,2.5,4.7,128.57
512,41,male,159,54,mild,weightgain,3.1,3.4,4.9,196.32
513,20,female,170,50,lowintense,weightlose,3.0,2.5,4.7,121.39
514,33,female,161,100,mild,maintain,3.1,3.4,4.9,196.93
515,45,female,150,94,veryintense,mildgain,3.1,4.5,3.7,246.71
516,30,male,186,94,lowintense,mildlose,3.1,4.5,3.7,222.73
517,32,female,157,98,sedentary,extremegain,2.6,4.0,4.0,237.46
518,27,female,187,60,sedentary,weightlose,2.6,4.0,4.0,101.38
519,45,male,179,63,veryintense,weightlose,3.1,3.4,4.9,192.37
520,20,female,165,77,veryintense,maintain,2.6,4.0,4.0,234.12
521,24,female,155,67,rare,extremegain,3.0,2.5,4.7,229.33
522,31,female,165,90,no,mildlose,3.0,2.5,4.7,109.22
523,42,female,197,84,no,extremelose,3.1,3.4,4.9,56.02
524,39,female,174,95,no,extremelose,3.1,4.5,3.7,54.52
525,28,female,171,99,rare,weightgain,3.1,4.5,3.7,233.32
526,39,male,150,56,rare,extremegain,3.1,3.4,4.9,223.80
527,43,male,182,92,veryintense,extremelose,2.6,4.0,4.0,200.82
528,32,female,180,83,sedentary,weightlose,3.1,4.5,3.7,116.86
529,46,male,155,85,veryintense,weightlose,3.1,2.2,4.5,202.25
530,30,male,153,70,intense,maintain,2.6,4.0,4.0,208.55
531,48,female,153,61,intense,weightgain,3.1,4.5,3.7,200.80
532,24,female,163,89,mild,extremegain,3.1,4.5,3.7,270.77
533,34,male,175,62,sedentary,weightlose,3.1,3.4,4.9,108.68
534,56,female,151,66,rare,weightgain,3.1,2.2,4.5,167.88
535,48,female,183,55,intense,mildlose,2.6,4.0,4.0,158.40
536,28,male,168,78,no,maintain,3.0,2.5,4.7,135.60
537,45,male,184,96,sedentary,weightlose,2.6,4.0,4.0,141.44
538,32,female,184,62,rare,mildlose,3.1,4.5,3.7,139.36
539,39,female,150,64,veryintense,extremegain,3.1,2.2,4.5,265.67
540,21,female,163,100,mild,extremegain,3.1,2.2,4.5,285.42
541,32,female,196,55,rare,maintain,3.1,4.5,3.7,159.91
542,60,male,172,60,veryintense,extremelose,2.6,4.0,4.0,129.76
543,30,female,184,74,sedentary,weightlose,2.6,4.0,4.0,111.58
544,57,male,198,94,no,weightlose,3.0,2.5,4.7,111.80
545,33,male,194,64,no,weightgain,3.1,3.4,4.9,175.40
546,19,male,166,56,sedentary,mildlose,3.0,2.5,4.7,124.72
547,47,female,160,76,lowintense,weightlose,3.1,3.4,4.9,129.14
548,40,male,196,80,no,weightgain,3.1,3.4,4.9,186.40
549,52,male,198,68,veryintense,mildlose,3.1,2.2,4.5,232.70
550,34,female,153,94,intense,weightlose,3.0,2.5,4.7,176.00
551,31,male,150,64,rare,weightlose,3.1,3.4,4.9,117.00
552,18,female,168,92,lowintense,weightgain,3.1,3.4,4.9,253.16
553,44,male,196,54,sedentary,maintain,2.6,4.0,4.0,148.80
554,27,male,193,80,veryintense,mildlose,3.1,4.5,3.7,265.19
555,42,male,195,82,lowintense,mildlose,3.1,2.2,4.5,207.38
556,56,female,166,84,rare,mildlose,2.6,4.0,4.0,137.99
557,52,male,191,64,rare,weightgain,3.0,2.5,4.7,213.63
558,54,female,181,92,lowintense,weightlose,2.6,4.0,4.0,160.91
559,46,male,187,56,rare,extremelose,3.1,2.2,4.5,85.39
560,31,female,159,71,rare,weightgain,3.0,2.5,4.7,192.63
561,56,male,183,85,lowintense,extremegain,3.1,2.2,4.5,293.12
562,49,female,171,53,sedentary,weightgain,3.1,3.4,4.9,154.50
563,52,male,176,50,no,extremegain,2.6,4.0,4.0,187.60
564,41,male,165,65,mild,weightgain,3.1,2.2,4.5,213.60
565,45,female,166,68,lowintense,weightgain,3.1,2.2,4.5,205.11
566,21,female,199,73,mild,extremegain,3.1,4.5,3.7,280.15
567,52,male,157,64,sedentary,weightgain,2.6,4.0,4.0,171.16
568,21,male,150,95,mild,weightlose,3.1,2.2,4.5,169.50
569,27,male,179,98,no,weightgain,3.1,3.4,4.9,197.50
570,54,female,180,88,veryintense,extremelose,3.1,3.4,4.9,159.25
571,20,female,157,70,intense,mildlose,3.1,2.2,4.5,175.99
572,42,female,163,79,mild,weightgain,2.6,4.0,4.0,208.50
573,59,male,200,97,lowintense,maintain,3.1,3.4,4.9,239.32
574,59,male,190,90,sedentary,extremegain,3.0,2.5,4.7,252.56
575,27,female,178,80,rare,weightlose,3.0,2.5,4.7,137.79
576,59,female,199,86,rare,maintain,3.0,2.5,4.7,181.22
577,35,female,179,69,no,extremegain,3.1,4.5,3.7,197.82
578,39,female,180,60,veryintense,mildlose,3.1,4.5,3.7,188.09
579,38,female,175,67,rare,mildgain,2.6,4.0,4.0,175.38
580,38,male,165,75,veryintense,weightgain,3.1,2.2,4.5,282.63
581,22,female,200,66,sedentary,extremegain,3.1,3.4,4.9,237.34
582,48,female,193,81,veryintense,mildlose,3.1,3.4,4.9,225.52
583,38,male,152,77,sedentary,extremegain,3.1,3.4,4.9,227.36
584,35,male,177,56,intense,extremegain,3.1,2.2,4.5,286.48
585,34,male,166,87,rare,weightgain,3.0,2.5,4.7,231.64
586,54,female,165,64,lowintense,weightlose,3.1,3.4,4.9,113.79
587,26,female,155,85,intense,mildgain,2.6,4.0,4.0,230.83
588,36,female,153,75,mild,maintain,3.0,2.5,4.7,160.01
589,35,female,173,70,intense,extremelose,3.0,2.5,4.7,119.44
590,26,female,187,67,intense,extremelose,2.6,4.0,4.0,133.59
591,20,female,177,68,intense,mildgain,3.1,4.5,3.7,230.48
592,48,female,199,58,lowintense,maintain,2.6,4.0,4.0,176.42
593,52,male,195,81,no,maintain,3.1,4.5,3.7,141.90
594,32,male,158,84,lowintense,maintain,3.1,4.5,3.7,207.39
595,45,female,181,82,mild,weightgain,3.1,2.2,4.5,223.45
596,60,female,198,76,veryintense,extremelose,3.1,4.5,3.7,153.55
597,55,female,170,82,intense,mildlose,3.1,2.2,4.5,179.62
598,39,female,168,84,no,extremelose,3.0,2.5,4.7,42.72
599,37,male,150,91,mild,extremelose,3.1,4.5,3.7,115.43
600,46,female,196,52,no,extremelose,3.1,3.4,4.9,28.32
601,24,male,165,55,sedentary,extremegain,3.1,2.2,4.5,220.76
602,30,male,193,68,rare,mildgain,3.0,2.5,4.7,211.51
603,55,male,174,93,lowintense,mildlose,3.0,2.5,4.7,196.69
604,32,male,196,58,intense,weightgain,3.0,2.5,4.7,267.70
605,26,male,164,60,no,mildgain,2.6,4.0,4.0,140.00
606,41,male,196,84,intense,weightlose,3.1,4.5,3.7,217.37
607,43,male,199,85,mild,extremelose,3.1,2.2,4.5,140.78
608,29,female,155,80,veryintense,weightgain,3.0,2.5,4.7,262.34
609,23,female,190,66,veryintense,mildlose,2.6,4.0,4.0,218.87
610,31,female,188,83,no,maintain,3.1,4.5,3.7,135.12
611,53,female,160,69,sedentary,maintain,2.6,4.0,4.0,121.34
612,60,female,161,80,lowintense,mildgain,2.6,4.0,4.0,186.81
613,38,male,156,82,veryintense,extremelose,3.0,2.5,4.7,164.72
614,21,male,194,83,veryintense,extremegain,2.6,4.0,4.0,375.26
615,49,male,180,58,mild,weightgain,3.1,3.4,4.9,211.70
616,50,female,176,92,mild,weightgain,3.1,2.2,4.5,228.57
617,19,male,171,54,no,mildgain,3.1,4.5,3.7,141.50
618,42,male,163,64,intense,extremelose,3.1,4.5,3.7,120.62
619,38,male,196,91,rare,weightlose,3.1,2.2,4.5,174.47
620,32,male,154,58,sedentary,mildlose,3.1,3.4,4.9,113.20
621,36,female,182,57,sedentary,extremegain,3.1,2.2,4.5,211.18
622,40,male,169,66,sedentary,extremelose,3.1,3.4,4.9,66.04
623,26,female,168,50,sedentary,extremelose,2.6,4.0,4.0,40.86
624,51,male,160,99,sedentary,weightgain,3.1,2.2,4.5,207.04
625,42,male,157,71,rare,mildgain,3.1,3.4,4.9,183.46
626,33,male,176,85,veryintense,mildlose,3.1,4.5,3.7,252.08
627,44,male,170,77,rare,mildgain,2.6,4.0,4.0,197.90
628,24,female,154,85,no,maintain,3.1,4.5,3.7,122.52
629,34,female,154,50,rare,maintain,2.6,4.0,4.0,124.45
630,50,male,181,69,intense,maintain,3.0,2.5,4.7,217.52
631,21,male,170,86,lowintense,extremegain,3.0,2.5,4.7,305.99
632,44,male,181,88,intense,mildlose,3.1,4.5,3.7,227.88
633,55,male,151,99,intense,weightlose,2.6,4.0,4.0,189.60
634,18,male,174,64,rare,mildgain,3.0,2.5,4.7,200.65
635,22,female,199,76,intense,extremelose,2.6,4.0,4.0,159.12
636,45,female,199,88,lowintense,weightgain,2.6,4.0,4.0,255.48
637,27,female,165,100,mild,extremegain,3.1,2.2,4.5,283.37
638,33,male,179,60,mild,extremelose,3.1,4.5,3.7,102.69
639,33,female,161,99,sedentary,maintain,3.1,2.2,4.5,160.34
640,38,female,175,59,veryintense,weightgain,3.1,2.2,4.5,242.58
641,29,female,184,97,no,maintain,3.0,2.5,4.7,145.12
642,58,female,157,93,sedentary,extremegain,3.0,2.5,4.7,220.18
643,51,female,185,64,no,weightgain,3.1,3.4,4.9,150.42
644,44,female,175,59,no,mildgain,3.1,4.5,3.7,124.22
645,22,male,192,76,intense,maintain,3.1,3.4,4.9,255.99
646,40,male,197,84,intense,weightgain,3.1,3.4,4.9,298.92
647,59,male,173,60,mild,weightlose,3.1,4.5,3.7,123.05
648,45,female,159,97,lowintense,weightgain,3.1,3.4,4.9,235.64
649,45,female,161,81,mild,weightgain,2.6,4.0,4.0,207.63
650,33,female,175,90,veryintense,mildlose,2.6,4.0,4.0,233.50
651,54,female,198,78,mild,maintain,2.6,4.0,4.0,185.94
652,52,female,164,71,sedentary,weightgain,2.6,4.0,4.0,166.14
653,31,male,166,70,sedentary,weightgain,3.1,4.5,3.7,192.40
654,28,male,167,91,lowintense,extremegain,3.1,4.5,3.7,305.53
655,53,female,190,74,mild,weightlose,3.1,3.4,4.9,135.98
656,60,female,182,83,no,extremegain,3.1,2.2,4.5,200.52
657,30,female,181,97,veryintense,extremegain,3.1,2.2,4.5,352.12
658,46,female,173,61,intense,weightlose,3.1,3.4,4.9,139.43
659,44,male,192,86,sedentary,maintain,3.0,2.5,4.7,177.12
660,20,female,187,96,veryintense,extremelose,3.1,3.4,4.9,203.90
661,54,male,194,68,no,mildgain,3.1,4.5,3.7,150.20
662,40,male,200,56,no,extremegain,2.6,4.0,4.0,209.20
663,41,female,165,56,lowintense,mildgain,3.0,2.5,4.7,171.93
664,49,female,199,81,no,weightlose,3.1,2.2,4.5,91.82
665,33,female,161,81,veryintense,extremegain,3.1,3.4,4.9,306.52
666,30,female,150,94,mild,weightgain,3.1,3.4,4.9,223.59
667,57,female,189,65,mild,weightgain,3.1,2.2,4.5,202.35
668,42,female,200,87,veryintense,extremegain,3.1,2.2,4.5,345.85
669,49,female,163,55,intense,mildlose,3.0,2.5,4.7,140.46
670,54,male,177,58,rare,mildlose,3.1,3.4,4.9,136.31
671,43,female,173,74,veryintense,extremegain,3.1,3.4,4.9,299.68
672,20,female,183,97,no,mildgain,3.0,2.5,4.7,168.22
673,21,female,171,54,sedentary,mildgain,3.0,2.5,4.7,148.90
674,52,female,169,76,no,extremegain,3.0,2.5,4.7,191.62
675,54,female,170,75,rare,mildgain,3.0,2.5,4.7,171.94
676,19,male,177,67,no,weightgain,3.0,2.5,4.7,174.90
677,54,male,195,61,rare,mildgain,3.0,2.5,4.7,191.98
678,60,male,170,83,rare,mildgain,3.1,4.5,3.7,195.70
679,20,male,161,94,veryintense,weightgain,3.1,4.5,3.7,321.39
680,58,male,193,76,veryintense,weightgain,3.0,2.5,4.7,295.55
681,42,male,192,83,veryintense,weightlose,3.1,2.2,4.5,237.40
682,36,male,174,74,lowintense,extremelose,3.1,4.5,3.7,124.91
683,41,male,175,99,rare,mildgain,3.1,2.2,4.5,227.18
684,33,male,186,59,intense,mildgain,2.6,4.0,4.0,239.77
685,36,male,190,61,intense,mildgain,3.1,4.5,3.7,243.91
686,41,male,192,82,intense,extremegain,3.1,2.2,4.5,331.16
687,58,female,159,54,sedentary,mildgain,3.1,4.5,3.7,123.94
688,60,female,158,75,veryintense,extremelose,3.0,2.5,4.7,114.03
689,29,male,177,51,no,weightgain,3.1,3.4,4.9,158.10
690,40,female,156,100,rare,weightgain,2.6,4.0,4.0,217.51
691,33,female,168,97,rare,mildgain,3.1,2.2,4.5,206.31
692,20,female,183,73,no,weightlose,3.1,2.2,4.5,89.02
693,24,male,180,57,no,mildlose,3.1,3.4,4.9,106.40
694,52,male,174,53,no,maintain,3.0,2.5,4.7,109.00
695,29,male,198,75,rare,weightgain,3.0,2.5,4.7,243.19
696,22,male,198,63,lowintense,weightgain,2.6,4.0,4.0,258.55
697,29,female,191,92,no,mildlose,3.1,3.4,4.9,124.62
698,53,female,189,77,no,weightlose,2.6,4.0,4.0,82.02
699,45,female,188,58,rare,weightlose,3.1,2.2,4.5,110.57
700,60,male,151,75,lowintense,extremelose,3.0,2.5,4.7,93.45
701,24,male,177,81,veryintense,weightgain,3.0,2.5,4.7,313.79
702,33,male,165,78,veryintense,maintain,3.1,4.5,3.7,250.99
703,23,female,158,93,veryintense,weightlose,3.1,4.5,3.7,209.51
704,39,male,188,72,sedentary,weightlose,3.1,4.5,3.7,123.68
705,36,female,173,88,mild,mildgain,3.1,2.2,4.5,209.89
706,23,female,182,61,rare,mildgain,2.6,4.0,4.0,181.84
707,44,male,180,78,rare,extremelose,3.1,2.2,4.5,105.87
708,56,female,192,75,sedentary,extremelose,3.0,2.5,4.7,64.86
709,42,female,189,76,intense,extremegain,3.1,3.4,4.9,296.69
710,26,male,171,76,lowintense,maintain,3.1,4.5,3.7,211.27
711,29,male,182,74,veryintense,weightlose,3.1,3.4,4.9,224.10
712,29,male,199,98,veryintense,weightgain,3.1,4.5,3.7,356.73
713,32,female,170,79,mild,extremelose,3.1,2.2,4.5,99.49
714,59,male,192,73,sedentary,mildlose,3.1,4.5,3.7,137.44
715,27,female,188,66,no,extremegain,3.1,2.2,4.5,203.12
716,50,female,189,62,no,extremegain,3.1,3.4,4.9,191.22
717,47,male,178,55,intense,weightgain,3.1,2.2,4.5,237.69
718,29,male,162,86,mild,extremegain,3.1,3.4,4.9,283.05
719,22,male,178,75,sedentary,extremelose,3.1,3.4,4.9,88.72
720,28,female,191,68,intense,mildlose,3.1,3.4,4.9,197.04
721,21,female,177,89,mild,maintain,3.1,2.2,4.5,202.79
722,51,male,177,93,intense,extremegain,3.1,4.5,3.7,326.50
723,26,female,168,62,sedentary,extremelose,2.6,4.0,4.0,52.38
724,42,male,196,86,no,extremelose,3.1,3.4,4.9,70.40
725,42,female,165,95,mild,extremegain,3.1,2.2,4.5,268.72
726,46,female,166,51,no,weightgain,2.6,4.0,4.0,132.52
727,48,female,185,73,mild,weightlose,3.1,4.5,3.7,134.07
728,40,female,190,96,sedentary,weightlose,3.1,2.2,4.5,131.50
729,21,female,169,80,intense,mildlose,2.6,4.0,4.0,199.45
730,20,female,199,55,rare,mildlose,3.1,2.2,4.5,148.58
731,50,male,154,54,mild,mildlose,3.1,3.4,4.9,127.38
732,20,female,162,89,mild,extremegain,2.6,4.0,4.0,272.38
733,42,male,164,87,intense,maintain,2.6,4.0,4.0,233.22
734,40,female,177,50,rare,maintain,3.1,4.5,3.7,136.96
735,57,male,161,68,mild,weightgain,3.0,2.5,4.7,204.81
736,44,female,179,82,lowintense,weightlose,3.1,4.5,3.7,153.16
737,30,male,158,88,rare,extremegain,3.1,2.2,4.5,269.44
738,23,male,178,89,lowintense,extremelose,3.1,2.2,4.5,154.67
739,20,male,156,99,rare,weightlose,3.1,2.2,4.5,165.67
740,19,male,183,83,intense,mildlose,2.6,4.0,4.0,239.96
741,40,male,172,77,veryintense,weightlose,3.0,2.5,4.7,210.80
742,40,female,189,63,lowintense,mildlose,3.0,2.5,4.7,159.83
743,18,female,197,93,no,extremegain,3.1,3.4,4.9,232.82
744,54,female,186,51,lowintense,mildlose,3.0,2.5,4.7,133.95
745,46,female,153,98,rare,extremegain,2.6,4.0,4.0,249.95
746,30,male,196,70,veryintense,weightgain,3.0,2.5,4.7,310.56
747,28,male,170,54,rare,mildgain,3.0,2.5,4.7,181.40
748,37,female,192,58,intense,weightgain,3.0,2.5,4.7,237.89
749,19,female,162,74,intense,maintain,3.1,3.4,4.9,206.52
750,48,male,155,83,mild,mildlose,2.6,4.0,4.0,163.27
751,35,female,180,86,rare,weightgain,2.6,4.0,4.0,221.36
752,40,female,164,76,sedentary,maintain,3.1,2.2,4.5,136.70
753,46,female,174,52,no,extremegain,2.6,4.0,4.0,177.32
754,37,male,166,95,lowintense,weightgain,3.1,2.2,4.5,264.13
755,18,female,153,79,veryintense,weightgain,3.1,4.5,3.7,267.28
756,45,male,172,69,sedentary,mildlose,3.1,4.5,3.7,128.32
757,60,male,156,87,lowintense,maintain,3.1,2.2,4.5,192.20
758,53,female,172,61,mild,extremelose,3.0,2.5,4.7,67.55
759,53,male,165,98,rare,mildlose,2.6,4.0,4.0,172.61
760,48,female,166,98,sedentary,weightlose,3.1,4.5,3.7,115.18
761,37,female,168,77,veryintense,weightlose,2.6,4.0,4.0,184.05
762,53,male,191,59,mild,weightgain,3.1,4.5,3.7,218.58
763,28,female,151,52,no,maintain,3.1,4.5,3.7,93.02
764,18,male,191,93,lowintense,mildlose,3.1,4.5,3.7,232.81
765,44,female,177,90,no,weightgain,3.1,4.5,3.7,170.02
766,26,female,175,100,no,extremelose,3.1,4.5,3.7,64.22
767,53,female,177,99,sedentary,weightgain,3.1,2.2,4.5,200.34
768,43,male,189,88,no,extremelose,3.0,2.5,4.7,68.10
769,54,female,172,74,intense,weightgain,3.1,2.2,4.5,230.99
770,56,female,180,69,intense,extremegain,3.0,2.5,4.7,269.61
771,39,male,161,70,no,mildgain,3.1,3.4,4.9,141.30
772,48,female,153,69,intense,maintain,3.1,4.5,3.7,171.84
773,53,female,152,91,sedentary,weightgain,3.0,2.5,4.7,177.66
774,44,male,174,63,intense,mildlose,3.1,4.5,3.7,187.34
775,18,female,176,60,lowintense,weightlose,3.1,2.2,4.5,139.68
776,39,female,195,92,mild,extremelose,2.6,4.0,4.0,128.94
777,33,male,166,52,mild,weightlose,3.1,3.4,4.9,123.79
778,19,female,154,53,intense,mildlose,3.1,3.4,4.9,150.64
779,44,female,151,90,no,maintain,3.0,2.5,4.7,117.02
780,23,male,194,77,intense,extremelose,3.1,3.4,4.9,178.41
781,42,male,168,71,veryintense,mildgain,3.0,2.5,4.7,256.36
782,23,female,195,62,intense,weightlose,3.1,2.2,4.5,175.66
783,50,female,150,54,sedentary,mildlose,3.0,2.5,4.7,82.38
784,60,female,183,69,veryintense,mildgain,2.6,4.0,4.0,228.66
785,50,male,176,54,mild,extremelose,3.0,2.5,4.7,83.49
786,51,female,195,75,lowintense,weightgain,3.1,3.4,4.9,232.54
787,27,female,173,62,mild,extremegain,2.6,4.0,4.0,244.70
788,49,female,162,83,veryintense,extremegain,3.0,2.5,4.7,298.35
789,58,male,174,86,intense,mildgain,3.1,2.2,4.5,249.43
790,33,male,161,62,sedentary,maintain,2.6,4.0,4.0,140.76
791,22,male,193,87,veryintense,mildgain,3.0,2.5,4.7,319.63
792,56,female,186,61,sedentary,weightlose,3.0,2.5,4.7,87.82
793,45,male,175,72,intense,weightgain,2.6,4.0,4.0,259.94
794,24,male,177,79,sedentary,mildlose,3.1,2.2,4.5,151.00
795,59,male,179,64,intense,weightlose,3.1,2.2,4.5,162.69
796,21,male,168,64,sedentary,weightlose,3.0,2.5,4.7,112.64
797,44,female,173,63,sedentary,mildgain,3.0,2.5,4.7,147.70
798,53,male,153,65,lowintense,weightgain,2.6,4.0,4.0,206.94
799,18,male,151,78,sedentary,weightgain,3.0,2.5,4.7,197.32
800,19,female,192,79,intense,extremelose,3.0,2.5,4.7,159.29
801,18,male,151,89,intense,weightgain,3.1,4.5,3.7,281.33
802,18,male,181,97,no,mildgain,2.6,4.0,4.0,181.30
803,21,female,151,91,mild,mildgain,3.0,2.5,4.7,206.08
804,50,female,187,53,rare,weightlose,2.6,4.0,4.0,101.63
805,60,male,186,98,no,mildlose,3.1,2.2,4.5,127.80
806,48,female,169,69,lowintense,mildgain,3.1,3.4,4.9,186.81
807,42,female,197,53,intense,weightgain,3.1,2.2,4.5,231.85
808,55,female,167,71,lowintense,mildlose,3.1,2.2,4.5,143.40
809,40,female,195,56,sedentary,mildlose,3.1,2.2,4.5,116.10
810,25,male,191,54,intense,weightgain,2.6,4.0,4.0,262.70
811,47,male,182,70,lowintense,mildlose,3.1,3.4,4.9,179.33
812,23,male,176,99,no,mildlose,2.6,4.0,4.0,138.40
813,30,female,192,69,lowintense,maintain,2.6,4.0,4.0,195.80
814,23,female,160,50,lowintense,weightgain,3.1,4.5,3.7,191.78
815,44,male,197,55,rare,weightlose,3.1,3.4,4.9,132.26
816,54,female,170,97,no,extremegain,3.1,2.2,4.5,208.12
817,49,female,172,97,no,extremegain,3.0,2.5,4.7,211.12
818,40,female,151,64,lowintense,maintain,3.1,2.2,4.5,151.62
819,27,male,176,74,mild,mildgain,3.1,2.2,4.5,220.41
820,46,female,196,90,sedentary,weightgain,3.1,3.4,4.9,206.46
821,44,male,192,84,lowintense,extremelose,2.6,4.0,4.0,146.30
822,44,male,155,68,lowintense,weightgain,3.1,3.4,4.9,217.78
823,18,male,178,79,sedentary,weightgain,3.1,2.2,4.5,214.48
824,34,female,161,63,sedentary,weightlose,2.6,4.0,4.0,85.30
825,31,female,166,75,mild,mildgain,3.1,2.2,4.5,192.46
826,35,female,184,69,mild,weightlose,3.1,4.5,3.7,136.27
827,31,female,192,76,no,maintain,3.1,2.2,4.5,131.52
828,59,female,172,61,no,maintain,2.6,4.0,4.0,98.32
829,24,male,190,92,lowintense,weightgain,2.6,4.0,4.0,287.07
830,52,female,160,67,sedentary,mildgain,2.6,4.0,4.0,139.90
831,47,male,165,81,lowintense,mildgain,3.0,2.5,4.7,219.80
832,49,male,196,65,mild,maintain,3.0,2.5,4.7,191.62
833,39,male,196,90,lowintense,mildlose,3.1,2.2,4.5,219.94
834,47,male,152,98,veryintense,mildlose,3.1,3.4,4.9,238.40
835,22,male,163,90,mild,mildgain,3.1,4.5,3.7,232.57
836,21,male,194,79,no,weightgain,2.6,4.0,4.0,192.20
837,21,male,175,73,veryintense,weightgain,3.1,3.4,4.9,302.01
838,57,female,160,81,no,mildlose,3.0,2.5,4.7,89.12
839,26,female,168,96,rare,mildlose,3.1,2.2,4.5,169.06
840,58,female,162,92,veryintense,weightgain,2.6,4.0,4.0,265.19
841,32,female,166,95,mild,mildgain,3.0,2.5,4.7,215.31
842,45,female,157,69,lowintense,extremelose,3.1,3.4,4.9,79.37
843,47,female,174,98,mild,extremelose,3.1,2.2,4.5,115.90
844,58,male,193,59,mild,weightgain,2.6,4.0,4.0,217.12
845,19,male,159,71,intense,mildlose,3.1,3.4,4.9,202.70
846,23,female,159,98,no,mildgain,3.1,2.2,4.5,155.82
847,20,male,156,72,no,mildgain,3.1,2.2,4.5,148.00
848,58,male,192,98,lowintense,mildgain,3.1,3.4,4.9,254.98
849,35,female,162,51,veryintense,maintain,2.6,4.0,4.0,180.35
850,45,male,196,85,sedentary,extremegain,3.0,2.5,4.7,258.08
851,41,female,179,60,lowintense,weightlose,3.1,2.2,4.5,127.74
852,37,female,178,73,mild,weightgain,3.1,3.4,4.9,215.39
853,25,male,159,83,rare,mildgain,3.1,3.4,4.9,207.38
854,60,male,168,73,mild,extremelose,3.1,2.2,4.5,94.04
855,49,female,193,90,lowintense,extremegain,3.1,2.2,4.5,290.83
856,45,male,195,82,rare,mildgain,3.1,3.4,4.9,220.03
857,43,male,193,85,mild,weightgain,3.1,3.4,4.9,256.38
858,20,female,163,75,no,extremelose,3.1,3.4,4.9,40.62
859,41,female,164,95,no,maintain,3.1,4.5,3.7,128.72
860,40,male,157,72,no,extremelose,3.0,2.5,4.7,40.50
861,20,female,180,50,sedentary,extremelose,3.1,4.5,3.7,50.94
862,43,female,172,99,rare,mildgain,2.6,4.0,4.0,205.76
863,54,male,192,94,veryintense,weightgain,2.6,4.0,4.0,325.00
864,26,female,152,51,lowintense,maintain,3.1,4.5,3.7,144.96
865,41,female,177,82,no,extremelose,3.1,2.2,4.5,44.82
866,37,female,176,86,rare,weightgain,3.1,4.5,3.7,217.51
867,48,female,192,58,lowintense,weightgain,2.6,4.0,4.0,211.00
868,20,female,200,74,intense,mildlose,3.0,2.5,4.7,218.60
869,47,female,168,84,mild,maintain,3.1,2.2,4.5,175.10
870,31,male,186,52,intense,maintain,3.1,2.2,4.5,211.49
871,23,male,179,100,rare,weightgain,3.1,3.4,4.9,260.93
872,58,female,183,91,lowintense,mildlose,3.1,3.4,4.9,178.74
873,41,female,150,97,rare,maintain,3.1,3.4,4.9,169.54
874,55,male,199,68,sedentary,maintain,3.1,4.5,3.7,158.76
875,53,female,185,55,rare,extremelose,2.6,4.0,4.0,60.80
876,31,female,157,55,no,maintain,3.1,2.2,4.5,97.22
877,39,male,157,88,no,extremegain,3.0,2.5,4.7,213.70
878,52,male,185,75,mild,extremegain,3.1,2.2,4.5,273.53
879,20,male,187,79,veryintense,maintain,3.0,2.5,4.7,283.29
880,59,male,174,90,lowintense,extremegain,3.1,4.5,3.7,290.49
881,38,female,160,55,sedentary,weightgain,2.6,4.0,4.0,155.10
882,45,female,199,100,veryintense,extremelose,3.1,2.2,4.5,202.38
883,48,female,170,72,intense,mildlose,3.0,2.5,4.7,170.65
884,27,male,171,85,mild,weightlose,3.1,3.4,4.9,169.64
885,46,male,182,65,intense,maintain,3.0,2.5,4.7,215.62
886,28,male,193,75,no,extremelose,3.1,3.4,4.9,65.70
887,60,male,199,58,lowintense,extremegain,2.6,4.0,4.0,269.56
888,20,female,177,71,mild,weightlose,3.0,2.5,4.7,142.28
889,19,female,159,69,no,extremegain,3.1,4.5,3.7,194.22
890,38,female,176,64,intense,weightlose,3.1,3.4,4.9,151.68
891,51,male,160,93,mild,mildlose,3.1,4.5,3.7,176.90
892,29,female,188,80,intense,weightgain,3.0,2.5,4.7,270.32
893,51,female,194,74,intense,weightgain,3.1,3.4,4.9,252.04
894,48,female,164,78,lowintense,weightgain,3.1,2.2,4.5,214.10
895,33,male,162,55,sedentary,extremelose,3.1,3.4,4.9,54.64
896,38,male,168,72,mild,maintain,3.1,4.5,3.7,185.76
897,56,male,195,99,mild,extremegain,2.6,4.0,4.0,306.64
898,36,male,198,79,lowintense,extremelose,3.1,3.4,4.9,149.71
899,55,male,187,94,mild,extremelose,3.0,2.5,4.7,135.50
900,58,male,174,63,no,mildlose,3.1,3.4,4.9,94.60
901,18,male,183,70,mild,extremelose,2.6,4.0,4.0,126.13
902,53,male,174,57,rare,extremelose,2.6,4.0,4.0,73.70
903,32,male,198,87,no,mildlose,3.1,2.2,4.5,136.20
904,31,male,152,71,intense,extremelose,3.1,2.2,4.5,128.38
905,53,female,154,92,mild,extremelose,3.1,3.4,4.9,90.70
906,43,female,187,51,intense,weightgain,3.1,3.4,4.9,219.78
907,26,female,160,88,lowintense,mildgain,3.1,3.4,4.9,217.04
908,21,male,187,96,sedentary,maintain,3.1,4.5,3.7,194.76
909,40,male,152,76,no,mildgain,3.1,3.4,4.9,141.20
910,41,male,161,57,veryintense,weightlose,3.0,2.5,4.7,169.19
911,42,male,164,68,rare,mildlose,2.6,4.0,4.0,144.97
912,35,female,167,72,veryintense,mildgain,3.1,3.4,4.9,237.02
913,35,female,176,93,sedentary,extremelose,3.1,4.5,3.7,82.62
914,60,female,164,54,lowintense,mildlose,3.1,4.5,3.7,116.90
915,26,female,194,68,no,maintain,3.1,4.5,3.7,128.12
916,28,female,159,89,veryintense,extremegain,3.1,2.2,4.5,320.58
917,18,female,198,95,lowintense,maintain,3.1,2.2,4.5,240.13
918,42,male,193,85,intense,maintain,3.1,2.2,4.5,255.47
919,24,female,170,55,rare,extremegain,3.1,4.5,3.7,226.44
920,44,male,182,76,veryintense,extremelose,3.1,2.2,4.5,175.74
921,56,female,177,72,mild,mildgain,3.0,2.5,4.7,182.35
922,28,male,160,95,intense,mildgain,2.6,4.0,4.0,270.47
923,52,female,193,50,veryintense,maintain,3.1,4.5,3.7,195.36
924,31,female,185,64,mild,extremelose,3.1,3.4,4.9,93.49
925,51,male,150,82,no,extremegain,3.1,2.2,4.5,200.60
926,18,female,180,97,lowintense,maintain,2.6,4.0,4.0,228.66
927,39,male,155,95,lowintense,extremegain,3.0,2.5,4.7,294.37
928,45,male,190,63,mild,weightgain,3.1,2.2,4.5,227.23
929,25,male,169,83,sedentary,weightlose,3.0,2.5,4.7,129.56
930,31,female,169,61,sedentary,mildlose,2.6,4.0,4.0,109.62
931,57,male,191,66,mild,maintain,3.0,2.5,4.7,184.44
932,24,male,187,86,mild,extremelose,3.1,2.2,4.5,144.29
933,45,male,192,67,no,maintain,3.1,2.2,4.5,132.00
934,57,male,165,58,no,extremelose,3.1,3.4,4.9,26.50
935,33,female,185,84,rare,extremelose,3.0,2.5,4.7,103.70
936,45,male,169,57,lowintense,extremegain,3.1,3.4,4.9,254.38
937,60,male,184,95,no,weightgain,3.1,2.2,4.5,184.40
938,32,female,196,74,veryintense,extremelose,3.1,4.5,3.7,169.89
939,35,female,155,57,rare,extremegain,3.1,3.4,4.9,212.28
940,53,female,183,96,lowintense,maintain,3.1,3.4,4.9,208.04
941,43,male,164,91,intense,maintain,2.6,4.0,4.0,238.05
942,37,male,171,97,mild,maintain,3.0,2.5,4.7,217.85
943,38,female,152,53,lowintense,weightlose,2.6,4.0,4.0,100.00
944,37,female,181,89,rare,weightlose,3.1,4.5,3.7,144.25
945,48,male,192,99,sedentary,maintain,3.1,2.2,4.5,187.68
946,49,female,186,69,lowintense,weightlose,3.0,2.5,4.7,139.37
947,54,female,193,92,rare,mildgain,3.1,3.4,4.9,206.45
948,38,male,173,91,sedentary,mildlose,3.1,3.4,4.9,153.40
949,53,female,193,84,mild,extremelose,3.1,3.4,4.9,109.89
950,53,male,180,54,mild,mildlose,3.1,3.4,4.9,144.67
951,46,male,167,51,veryintense,mildlose,3.1,4.5,3.7,181.97
952,53,female,188,92,mild,mildlose,2.6,4.0,4.0,175.61
953,59,male,157,74,sedentary,extremegain,2.6,4.0,4.0,217.40
954,36,female,186,56,lowintense,extremelose,3.1,2.2,4.5,91.31
955,24,male,161,98,no,weightgain,3.0,2.5,4.7,189.70
956,53,female,160,66,no,weightlose,2.6,4.0,4.0,58.72
957,40,male,151,58,rare,weightgain,3.1,2.2,4.5,186.14
958,20,female,194,75,rare,extremegain,3.0,2.5,4.7,267.14
959,55,male,168,83,intense,extremelose,2.6,4.0,4.0,142.18
960,28,male,189,70,sedentary,weightlose,3.1,3.4,4.9,127.64
961,29,female,174,79,veryintense,extremelose,3.1,3.4,4.9,158.87
962,22,male,179,78,intense,weightgain,3.0,2.5,4.7,287.54
963,32,male,172,90,rare,mildlose,3.1,4.5,3.7,180.17
964,43,male,189,56,sedentary,extremelose,3.1,2.2,4.5,67.00
965,49,male,177,51,rare,mildgain,3.1,3.4,4.9,171.36
966,51,male,179,87,intense,extremelose,3.0,2.5,4.7,159.95
967,48,female,192,71,mild,mildlose,3.1,4.5,3.7,156.85
968,38,male,187,65,veryintense,maintain,3.1,3.4,4.9,248.33
969,18,male,180,91,mild,extremegain,3.1,3.4,4.9,308.54
970,57,male,166,83,intense,weightgain,2.6,4.0,4.0,259.07
971,46,male,151,81,rare,maintain,3.1,4.5,3.7,168.14
972,52,female,196,81,rare,mildlose,3.1,2.2,4.5,157.51
973,60,male,176,62,no,extremelose,3.0,2.5,4.7,34.00
974,43,female,167,90,lowintense,weightgain,3.1,3.4,4.9,234.40
975,43,female,170,98,no,mildgain,3.1,2.2,4.5,153.32
976,39,female,172,67,intense,mildlose,3.1,2.2,4.5,171.68
977,42,female,183,62,sedentary,mildgain,3.1,4.5,3.7,153.70
978,31,male,177,72,rare,weightgain,3.1,3.4,4.9,224.36
979,43,female,185,91,intense,maintain,3.1,2.2,4.5,233.25
980,38,female,166,67,no,extremelose,3.1,4.5,3.7,28.52
981,34,male,156,84,rare,weightgain,3.0,2.5,4.7,221.47
982,34,female,197,64,intense,extremelose,3.1,2.2,4.5,132.55
983,49,male,188,87,veryintense,extremelose,2.6,4.0,4.0,194.36
984,30,female,162,53,lowintense,extremelose,3.1,4.5,3.7,72.71
985,57,male,159,96,intense,weightlose,3.1,2.2,4.5,190.98
986,26,female,193,92,mild,weightgain,2.6,4.0,4.0,255.09
987,28,male,160,66,intense,extremelose,3.1,3.4,4.9,130.45
988,24,male,174,63,lowintense,weightlose,3.1,3.4,4.9,158.71
989,55,female,172,93,mild,mildlose,3.1,3.4,4.9,163.89
990,31,female,186,70,veryintense,weightgain,2.6,4.0,4.0,275.07
991,51,male,150,50,lowintense,mildgain,3.1,4.5,3.7,167.25
992,29,female,157,72,intense,maintain,2.6,4.0,4.0,192.54
993,24,female,164,53,sedentary,weightlose,3.1,2.2,4.5,82.30
994,52,male,185,74,rare,extremelose,3.1,3.4,4.9,100.51
995,27,female,157,52,lowintense,weightlose,3.1,4.5,3.7,109.45
996,18,female,182,55,sedentary,extremelose,3.1,4.5,3.7,57.90
997,35,female,179,81,intense,mildgain,2.6,4.0,4.0,239.80
998,32,female,166,63,mild,extremelose,3.1,3.4,4.9,77.81
999,59,female,195,86,veryintense,extremegain,3.0,2.5,4.7,326.66
